"station","date","max"
"ATLANTA HARTSFIELD INTERNATIONAL AIRPORT GA US",2011-01-01,62
"ATLANTA HARTSFIELD INTERNATIONAL AIRPORT GA US",2011-01-02,55
"ATLANTA HARTSFIELD INTERNATIONAL AIRPORT GA US",2011-01-03,51
"ATLANTA HARTSFIELD INTERNATIONAL AIRPORT GA US",2011-01-04,58
"ATLANTA HARTSFIELD INTERNATIONAL AIRPORT GA US",2011-01-05,48
"ATLANTA HARTSFIELD INTERNATIONAL AIRPORT GA US",2011-01-06,49
"ATLANTA HARTSFIELD INTERNATIONAL AIRPORT GA US",2011-01-07,59
"ATLANTA HARTSFIELD INTERNATIONAL AIRPORT GA US",2011-01-08,48
"ATLANTA HARTSFIELD INTERNATIONAL AIRPORT GA US",2011-01-09,34
"ATLANTA HARTSFIELD INTERNATIONAL AIRPORT GA US",2011-01-10,29
"ATLANTA HARTSFIELD INTERNATIONAL AIRPORT GA US",2011-01-11,34
"ATLANTA HARTSFIELD INTERNATIONAL AIRPORT GA US",2011-01-12,30
"ATLANTA HARTSFIELD INTERNATIONAL AIRPORT GA US",2011-01-13,34
"ATLANTA HARTSFIELD INTERNATIONAL AIRPORT GA US",2011-01-14,44
"ATLANTA HARTSFIELD INTERNATIONAL AIRPORT GA US",2011-01-15,50
"ATLANTA HARTSFIELD INTERNATIONAL AIRPORT GA US",2011-01-16,54
"ATLANTA HARTSFIELD INTERNATIONAL AIRPORT GA US",2011-01-17,47
"ATLANTA HARTSFIELD INTERNATIONAL AIRPORT GA US",2011-01-18,46
"ATLANTA HARTSFIELD INTERNATIONAL AIRPORT GA US",2011-01-19,52
"ATLANTA HARTSFIELD INTERNATIONAL AIRPORT GA US",2011-01-20,45
"ATLANTA HARTSFIELD INTERNATIONAL AIRPORT GA US",2011-01-21,40
"ATLANTA HARTSFIELD INTERNATIONAL AIRPORT GA US",2011-01-22,43
"ATLANTA HARTSFIELD INTERNATIONAL AIRPORT GA US",2011-01-23,46
"ATLANTA HARTSFIELD INTERNATIONAL AIRPORT GA US",2011-01-24,54
"ATLANTA HARTSFIELD INTERNATIONAL AIRPORT GA US",2011-01-25,43
"ATLANTA HARTSFIELD INTERNATIONAL AIRPORT GA US",2011-01-26,42
"ATLANTA HARTSFIELD INTERNATIONAL AIRPORT GA US",2011-01-27,52
"ATLANTA HARTSFIELD INTERNATIONAL AIRPORT GA US",2011-01-28,58
"ATLANTA HARTSFIELD INTERNATIONAL AIRPORT GA US",2011-01-29,71
"ATLANTA HARTSFIELD INTERNATIONAL AIRPORT GA US",2011-01-30,70
"ATLANTA HARTSFIELD INTERNATIONAL AIRPORT GA US",2011-01-31,57
"ATLANTA HARTSFIELD INTERNATIONAL AIRPORT GA US",2011-02-01,55
"ATLANTA HARTSFIELD INTERNATIONAL AIRPORT GA US",2011-02-02,55
"ATLANTA HARTSFIELD INTERNATIONAL AIRPORT GA US",2011-02-03,39
"ATLANTA HARTSFIELD INTERNATIONAL AIRPORT GA US",2011-02-04,38
"ATLANTA HARTSFIELD INTERNATIONAL AIRPORT GA US",2011-02-05,49
"ATLANTA HARTSFIELD INTERNATIONAL AIRPORT GA US",2011-02-06,54
"ATLANTA HARTSFIELD INTERNATIONAL AIRPORT GA US",2011-02-07,53
"ATLANTA HARTSFIELD INTERNATIONAL AIRPORT GA US",2011-02-08,44
"ATLANTA HARTSFIELD INTERNATIONAL AIRPORT GA US",2011-02-09,46
"ATLANTA HARTSFIELD INTERNATIONAL AIRPORT GA US",2011-02-10,44
"ATLANTA HARTSFIELD INTERNATIONAL AIRPORT GA US",2011-02-11,48
"ATLANTA HARTSFIELD INTERNATIONAL AIRPORT GA US",2011-02-12,56
"ATLANTA HARTSFIELD INTERNATIONAL AIRPORT GA US",2011-02-13,64
"ATLANTA HARTSFIELD INTERNATIONAL AIRPORT GA US",2011-02-14,68
"ATLANTA HARTSFIELD INTERNATIONAL AIRPORT GA US",2011-02-15,63
"ATLANTA HARTSFIELD INTERNATIONAL AIRPORT GA US",2011-02-16,65
"ATLANTA HARTSFIELD INTERNATIONAL AIRPORT GA US",2011-02-17,72
"ATLANTA HARTSFIELD INTERNATIONAL AIRPORT GA US",2011-02-18,70
"ATLANTA HARTSFIELD INTERNATIONAL AIRPORT GA US",2011-02-19,75
"ATLANTA HARTSFIELD INTERNATIONAL AIRPORT GA US",2011-02-20,65
"ATLANTA HARTSFIELD INTERNATIONAL AIRPORT GA US",2011-02-21,73
"ATLANTA HARTSFIELD INTERNATIONAL AIRPORT GA US",2011-02-22,71
"ATLANTA HARTSFIELD INTERNATIONAL AIRPORT GA US",2011-02-23,65
"ATLANTA HARTSFIELD INTERNATIONAL AIRPORT GA US",2011-02-24,72
"ATLANTA HARTSFIELD INTERNATIONAL AIRPORT GA US",2011-02-25,69
"ATLANTA HARTSFIELD INTERNATIONAL AIRPORT GA US",2011-02-26,69
"ATLANTA HARTSFIELD INTERNATIONAL AIRPORT GA US",2011-02-27,76
"ATLANTA HARTSFIELD INTERNATIONAL AIRPORT GA US",2011-02-28,76
"ATLANTA HARTSFIELD INTERNATIONAL AIRPORT GA US",2011-03-01,67
"ATLANTA HARTSFIELD INTERNATIONAL AIRPORT GA US",2011-03-02,68
"ATLANTA HARTSFIELD INTERNATIONAL AIRPORT GA US",2011-03-03,68
"ATLANTA HARTSFIELD INTERNATIONAL AIRPORT GA US",2011-03-04,54
"ATLANTA HARTSFIELD INTERNATIONAL AIRPORT GA US",2011-03-05,59
"ATLANTA HARTSFIELD INTERNATIONAL AIRPORT GA US",2011-03-06,59
"ATLANTA HARTSFIELD INTERNATIONAL AIRPORT GA US",2011-03-07,55
"ATLANTA HARTSFIELD INTERNATIONAL AIRPORT GA US",2011-03-08,61
"ATLANTA HARTSFIELD INTERNATIONAL AIRPORT GA US",2011-03-09,58
"ATLANTA HARTSFIELD INTERNATIONAL AIRPORT GA US",2011-03-10,57
"ATLANTA HARTSFIELD INTERNATIONAL AIRPORT GA US",2011-03-11,55
"ATLANTA HARTSFIELD INTERNATIONAL AIRPORT GA US",2011-03-12,73
"ATLANTA HARTSFIELD INTERNATIONAL AIRPORT GA US",2011-03-13,75
"ATLANTA HARTSFIELD INTERNATIONAL AIRPORT GA US",2011-03-14,74
"ATLANTA HARTSFIELD INTERNATIONAL AIRPORT GA US",2011-03-15,59
"ATLANTA HARTSFIELD INTERNATIONAL AIRPORT GA US",2011-03-16,59
"ATLANTA HARTSFIELD INTERNATIONAL AIRPORT GA US",2011-03-17,76
"ATLANTA HARTSFIELD INTERNATIONAL AIRPORT GA US",2011-03-18,82
"ATLANTA HARTSFIELD INTERNATIONAL AIRPORT GA US",2011-03-19,82
"ATLANTA HARTSFIELD INTERNATIONAL AIRPORT GA US",2011-03-20,68
"ATLANTA HARTSFIELD INTERNATIONAL AIRPORT GA US",2011-03-21,78
"ATLANTA HARTSFIELD INTERNATIONAL AIRPORT GA US",2011-03-22,81
"ATLANTA HARTSFIELD INTERNATIONAL AIRPORT GA US",2011-03-23,79
"ATLANTA HARTSFIELD INTERNATIONAL AIRPORT GA US",2011-03-24,70
"ATLANTA HARTSFIELD INTERNATIONAL AIRPORT GA US",2011-03-25,68
"ATLANTA HARTSFIELD INTERNATIONAL AIRPORT GA US",2011-03-26,60
"ATLANTA HARTSFIELD INTERNATIONAL AIRPORT GA US",2011-03-27,58
"ATLANTA HARTSFIELD INTERNATIONAL AIRPORT GA US",2011-03-28,50
"ATLANTA HARTSFIELD INTERNATIONAL AIRPORT GA US",2011-03-29,53
"ATLANTA HARTSFIELD INTERNATIONAL AIRPORT GA US",2011-03-30,60
"ATLANTA HARTSFIELD INTERNATIONAL AIRPORT GA US",2011-03-31,56
"ATLANTA HARTSFIELD INTERNATIONAL AIRPORT GA US",2011-04-01,58
"ATLANTA HARTSFIELD INTERNATIONAL AIRPORT GA US",2011-04-02,69
"ATLANTA HARTSFIELD INTERNATIONAL AIRPORT GA US",2011-04-03,79
"ATLANTA HARTSFIELD INTERNATIONAL AIRPORT GA US",2011-04-04,83
"ATLANTA HARTSFIELD INTERNATIONAL AIRPORT GA US",2011-04-05,62
"ATLANTA HARTSFIELD INTERNATIONAL AIRPORT GA US",2011-04-06,71
"ATLANTA HARTSFIELD INTERNATIONAL AIRPORT GA US",2011-04-07,75
"ATLANTA HARTSFIELD INTERNATIONAL AIRPORT GA US",2011-04-08,79
"ATLANTA HARTSFIELD INTERNATIONAL AIRPORT GA US",2011-04-09,86
"ATLANTA HARTSFIELD INTERNATIONAL AIRPORT GA US",2011-04-10,84
"ATLANTA HARTSFIELD INTERNATIONAL AIRPORT GA US",2011-04-11,82
"ATLANTA HARTSFIELD INTERNATIONAL AIRPORT GA US",2011-04-12,71
"ATLANTA HARTSFIELD INTERNATIONAL AIRPORT GA US",2011-04-13,75
"ATLANTA HARTSFIELD INTERNATIONAL AIRPORT GA US",2011-04-14,76
"ATLANTA HARTSFIELD INTERNATIONAL AIRPORT GA US",2011-04-15,72
"ATLANTA HARTSFIELD INTERNATIONAL AIRPORT GA US",2011-04-16,66
"ATLANTA HARTSFIELD INTERNATIONAL AIRPORT GA US",2011-04-17,74
"ATLANTA HARTSFIELD INTERNATIONAL AIRPORT GA US",2011-04-18,78
"ATLANTA HARTSFIELD INTERNATIONAL AIRPORT GA US",2011-04-19,85
"ATLANTA HARTSFIELD INTERNATIONAL AIRPORT GA US",2011-04-20,77
"ATLANTA HARTSFIELD INTERNATIONAL AIRPORT GA US",2011-04-21,82
"ATLANTA HARTSFIELD INTERNATIONAL AIRPORT GA US",2011-04-22,71
"ATLANTA HARTSFIELD INTERNATIONAL AIRPORT GA US",2011-04-23,78
"ATLANTA HARTSFIELD INTERNATIONAL AIRPORT GA US",2011-04-24,84
"ATLANTA HARTSFIELD INTERNATIONAL AIRPORT GA US",2011-04-25,84
"ATLANTA HARTSFIELD INTERNATIONAL AIRPORT GA US",2011-04-26,80
"ATLANTA HARTSFIELD INTERNATIONAL AIRPORT GA US",2011-04-27,85
"ATLANTA HARTSFIELD INTERNATIONAL AIRPORT GA US",2011-04-28,70
"ATLANTA HARTSFIELD INTERNATIONAL AIRPORT GA US",2011-04-29,75
"ATLANTA HARTSFIELD INTERNATIONAL AIRPORT GA US",2011-04-30,80
"ATLANTA HARTSFIELD INTERNATIONAL AIRPORT GA US",2011-05-01,80
"ATLANTA HARTSFIELD INTERNATIONAL AIRPORT GA US",2011-05-02,81
"ATLANTA HARTSFIELD INTERNATIONAL AIRPORT GA US",2011-05-03,83
"ATLANTA HARTSFIELD INTERNATIONAL AIRPORT GA US",2011-05-04,66
"ATLANTA HARTSFIELD INTERNATIONAL AIRPORT GA US",2011-05-05,67
"ATLANTA HARTSFIELD INTERNATIONAL AIRPORT GA US",2011-05-06,73
"ATLANTA HARTSFIELD INTERNATIONAL AIRPORT GA US",2011-05-07,77
"ATLANTA HARTSFIELD INTERNATIONAL AIRPORT GA US",2011-05-08,82
"ATLANTA HARTSFIELD INTERNATIONAL AIRPORT GA US",2011-05-09,85
"ATLANTA HARTSFIELD INTERNATIONAL AIRPORT GA US",2011-05-10,88
"ATLANTA HARTSFIELD INTERNATIONAL AIRPORT GA US",2011-05-11,89
"ATLANTA HARTSFIELD INTERNATIONAL AIRPORT GA US",2011-05-12,89
"ATLANTA HARTSFIELD INTERNATIONAL AIRPORT GA US",2011-05-13,85
"ATLANTA HARTSFIELD INTERNATIONAL AIRPORT GA US",2011-05-14,77
"ATLANTA HARTSFIELD INTERNATIONAL AIRPORT GA US",2011-05-15,66
"ATLANTA HARTSFIELD INTERNATIONAL AIRPORT GA US",2011-05-16,64
"ATLANTA HARTSFIELD INTERNATIONAL AIRPORT GA US",2011-05-17,64
"ATLANTA HARTSFIELD INTERNATIONAL AIRPORT GA US",2011-05-18,67
"ATLANTA HARTSFIELD INTERNATIONAL AIRPORT GA US",2011-05-19,79
"ATLANTA HARTSFIELD INTERNATIONAL AIRPORT GA US",2011-05-20,87
"ATLANTA HARTSFIELD INTERNATIONAL AIRPORT GA US",2011-05-21,89
"ATLANTA HARTSFIELD INTERNATIONAL AIRPORT GA US",2011-05-22,92
"ATLANTA HARTSFIELD INTERNATIONAL AIRPORT GA US",2011-05-23,90
"ATLANTA HARTSFIELD INTERNATIONAL AIRPORT GA US",2011-05-24,88
"ATLANTA HARTSFIELD INTERNATIONAL AIRPORT GA US",2011-05-25,91
"ATLANTA HARTSFIELD INTERNATIONAL AIRPORT GA US",2011-05-26,86
"ATLANTA HARTSFIELD INTERNATIONAL AIRPORT GA US",2011-05-27,82
"ATLANTA HARTSFIELD INTERNATIONAL AIRPORT GA US",2011-05-28,87
"ATLANTA HARTSFIELD INTERNATIONAL AIRPORT GA US",2011-05-29,91
"ATLANTA HARTSFIELD INTERNATIONAL AIRPORT GA US",2011-05-30,90
"ATLANTA HARTSFIELD INTERNATIONAL AIRPORT GA US",2011-05-31,92
"ATLANTA HARTSFIELD INTERNATIONAL AIRPORT GA US",2011-06-01,96
"ATLANTA HARTSFIELD INTERNATIONAL AIRPORT GA US",2011-06-02,94
"ATLANTA HARTSFIELD INTERNATIONAL AIRPORT GA US",2011-06-03,94
"ATLANTA HARTSFIELD INTERNATIONAL AIRPORT GA US",2011-06-04,92
"ATLANTA HARTSFIELD INTERNATIONAL AIRPORT GA US",2011-06-05,94
"ATLANTA HARTSFIELD INTERNATIONAL AIRPORT GA US",2011-06-06,93
"ATLANTA HARTSFIELD INTERNATIONAL AIRPORT GA US",2011-06-07,92
"ATLANTA HARTSFIELD INTERNATIONAL AIRPORT GA US",2011-06-08,93
"ATLANTA HARTSFIELD INTERNATIONAL AIRPORT GA US",2011-06-09,94
"ATLANTA HARTSFIELD INTERNATIONAL AIRPORT GA US",2011-06-10,95
"ATLANTA HARTSFIELD INTERNATIONAL AIRPORT GA US",2011-06-11,89
"ATLANTA HARTSFIELD INTERNATIONAL AIRPORT GA US",2011-06-12,94
"ATLANTA HARTSFIELD INTERNATIONAL AIRPORT GA US",2011-06-13,93
"ATLANTA HARTSFIELD INTERNATIONAL AIRPORT GA US",2011-06-14,93
"ATLANTA HARTSFIELD INTERNATIONAL AIRPORT GA US",2011-06-15,93
"ATLANTA HARTSFIELD INTERNATIONAL AIRPORT GA US",2011-06-16,92
"ATLANTA HARTSFIELD INTERNATIONAL AIRPORT GA US",2011-06-17,89
"ATLANTA HARTSFIELD INTERNATIONAL AIRPORT GA US",2011-06-18,92
"ATLANTA HARTSFIELD INTERNATIONAL AIRPORT GA US",2011-06-19,92
"ATLANTA HARTSFIELD INTERNATIONAL AIRPORT GA US",2011-06-20,93
"ATLANTA HARTSFIELD INTERNATIONAL AIRPORT GA US",2011-06-21,95
"ATLANTA HARTSFIELD INTERNATIONAL AIRPORT GA US",2011-06-22,90
"ATLANTA HARTSFIELD INTERNATIONAL AIRPORT GA US",2011-06-23,84
"ATLANTA HARTSFIELD INTERNATIONAL AIRPORT GA US",2011-06-24,91
"ATLANTA HARTSFIELD INTERNATIONAL AIRPORT GA US",2011-06-25,90
"ATLANTA HARTSFIELD INTERNATIONAL AIRPORT GA US",2011-06-26,93
"ATLANTA HARTSFIELD INTERNATIONAL AIRPORT GA US",2011-06-27,88
"ATLANTA HARTSFIELD INTERNATIONAL AIRPORT GA US",2011-06-28,89
"ATLANTA HARTSFIELD INTERNATIONAL AIRPORT GA US",2011-06-29,89
"ATLANTA HARTSFIELD INTERNATIONAL AIRPORT GA US",2011-06-30,92
"ATLANTA HARTSFIELD INTERNATIONAL AIRPORT GA US",2011-07-01,92
"ATLANTA HARTSFIELD INTERNATIONAL AIRPORT GA US",2011-07-02,94
"ATLANTA HARTSFIELD INTERNATIONAL AIRPORT GA US",2011-07-03,95
"ATLANTA HARTSFIELD INTERNATIONAL AIRPORT GA US",2011-07-04,92
"ATLANTA HARTSFIELD INTERNATIONAL AIRPORT GA US",2011-07-05,90
"ATLANTA HARTSFIELD INTERNATIONAL AIRPORT GA US",2011-07-06,90
"ATLANTA HARTSFIELD INTERNATIONAL AIRPORT GA US",2011-07-07,94
"ATLANTA HARTSFIELD INTERNATIONAL AIRPORT GA US",2011-07-08,94
"ATLANTA HARTSFIELD INTERNATIONAL AIRPORT GA US",2011-07-09,91
"ATLANTA HARTSFIELD INTERNATIONAL AIRPORT GA US",2011-07-10,92
"ATLANTA HARTSFIELD INTERNATIONAL AIRPORT GA US",2011-07-11,95
"ATLANTA HARTSFIELD INTERNATIONAL AIRPORT GA US",2011-07-12,95
"ATLANTA HARTSFIELD INTERNATIONAL AIRPORT GA US",2011-07-13,97
"ATLANTA HARTSFIELD INTERNATIONAL AIRPORT GA US",2011-07-14,90
"ATLANTA HARTSFIELD INTERNATIONAL AIRPORT GA US",2011-07-15,80
"ATLANTA HARTSFIELD INTERNATIONAL AIRPORT GA US",2011-07-16,85
"ATLANTA HARTSFIELD INTERNATIONAL AIRPORT GA US",2011-07-17,87
"ATLANTA HARTSFIELD INTERNATIONAL AIRPORT GA US",2011-07-18,89
"ATLANTA HARTSFIELD INTERNATIONAL AIRPORT GA US",2011-07-19,94
"ATLANTA HARTSFIELD INTERNATIONAL AIRPORT GA US",2011-07-20,91
"ATLANTA HARTSFIELD INTERNATIONAL AIRPORT GA US",2011-07-21,92
"ATLANTA HARTSFIELD INTERNATIONAL AIRPORT GA US",2011-07-22,94
"ATLANTA HARTSFIELD INTERNATIONAL AIRPORT GA US",2011-07-23,92
"ATLANTA HARTSFIELD INTERNATIONAL AIRPORT GA US",2011-07-24,92
"ATLANTA HARTSFIELD INTERNATIONAL AIRPORT GA US",2011-07-25,90
"ATLANTA HARTSFIELD INTERNATIONAL AIRPORT GA US",2011-07-26,94
"ATLANTA HARTSFIELD INTERNATIONAL AIRPORT GA US",2011-07-27,94
"ATLANTA HARTSFIELD INTERNATIONAL AIRPORT GA US",2011-07-28,90
"ATLANTA HARTSFIELD INTERNATIONAL AIRPORT GA US",2011-07-29,93
"ATLANTA HARTSFIELD INTERNATIONAL AIRPORT GA US",2011-07-30,96
"ATLANTA HARTSFIELD INTERNATIONAL AIRPORT GA US",2011-07-31,96
"ATLANTA HARTSFIELD INTERNATIONAL AIRPORT GA US",2011-08-01,91
"ATLANTA HARTSFIELD INTERNATIONAL AIRPORT GA US",2011-08-02,96
"ATLANTA HARTSFIELD INTERNATIONAL AIRPORT GA US",2011-08-03,97
"ATLANTA HARTSFIELD INTERNATIONAL AIRPORT GA US",2011-08-04,85
"ATLANTA HARTSFIELD INTERNATIONAL AIRPORT GA US",2011-08-05,96
"ATLANTA HARTSFIELD INTERNATIONAL AIRPORT GA US",2011-08-06,93
"ATLANTA HARTSFIELD INTERNATIONAL AIRPORT GA US",2011-08-07,93
"ATLANTA HARTSFIELD INTERNATIONAL AIRPORT GA US",2011-08-08,94
"ATLANTA HARTSFIELD INTERNATIONAL AIRPORT GA US",2011-08-09,91
"ATLANTA HARTSFIELD INTERNATIONAL AIRPORT GA US",2011-08-10,95
"ATLANTA HARTSFIELD INTERNATIONAL AIRPORT GA US",2011-08-11,94
"ATLANTA HARTSFIELD INTERNATIONAL AIRPORT GA US",2011-08-12,95
"ATLANTA HARTSFIELD INTERNATIONAL AIRPORT GA US",2011-08-13,95
"ATLANTA HARTSFIELD INTERNATIONAL AIRPORT GA US",2011-08-14,94
"ATLANTA HARTSFIELD INTERNATIONAL AIRPORT GA US",2011-08-15,88
"ATLANTA HARTSFIELD INTERNATIONAL AIRPORT GA US",2011-08-16,90
"ATLANTA HARTSFIELD INTERNATIONAL AIRPORT GA US",2011-08-17,92
"ATLANTA HARTSFIELD INTERNATIONAL AIRPORT GA US",2011-08-18,94
"ATLANTA HARTSFIELD INTERNATIONAL AIRPORT GA US",2011-08-19,96
"ATLANTA HARTSFIELD INTERNATIONAL AIRPORT GA US",2011-08-20,93
"ATLANTA HARTSFIELD INTERNATIONAL AIRPORT GA US",2011-08-21,94
"ATLANTA HARTSFIELD INTERNATIONAL AIRPORT GA US",2011-08-22,98
"ATLANTA HARTSFIELD INTERNATIONAL AIRPORT GA US",2011-08-23,92
"ATLANTA HARTSFIELD INTERNATIONAL AIRPORT GA US",2011-08-24,93
"ATLANTA HARTSFIELD INTERNATIONAL AIRPORT GA US",2011-08-25,95
"ATLANTA HARTSFIELD INTERNATIONAL AIRPORT GA US",2011-08-26,99
"ATLANTA HARTSFIELD INTERNATIONAL AIRPORT GA US",2011-08-27,95
"ATLANTA HARTSFIELD INTERNATIONAL AIRPORT GA US",2011-08-28,95
"ATLANTA HARTSFIELD INTERNATIONAL AIRPORT GA US",2011-08-29,93
"ATLANTA HARTSFIELD INTERNATIONAL AIRPORT GA US",2011-08-30,90
"ATLANTA HARTSFIELD INTERNATIONAL AIRPORT GA US",2011-08-31,92
"ATLANTA HARTSFIELD INTERNATIONAL AIRPORT GA US",2011-09-01,95
"ATLANTA HARTSFIELD INTERNATIONAL AIRPORT GA US",2011-09-02,96
"ATLANTA HARTSFIELD INTERNATIONAL AIRPORT GA US",2011-09-03,95
"ATLANTA HARTSFIELD INTERNATIONAL AIRPORT GA US",2011-09-04,80
"ATLANTA HARTSFIELD INTERNATIONAL AIRPORT GA US",2011-09-05,78
"ATLANTA HARTSFIELD INTERNATIONAL AIRPORT GA US",2011-09-06,75
"ATLANTA HARTSFIELD INTERNATIONAL AIRPORT GA US",2011-09-07,69
"ATLANTA HARTSFIELD INTERNATIONAL AIRPORT GA US",2011-09-08,73
"ATLANTA HARTSFIELD INTERNATIONAL AIRPORT GA US",2011-09-09,81
"ATLANTA HARTSFIELD INTERNATIONAL AIRPORT GA US",2011-09-10,84
"ATLANTA HARTSFIELD INTERNATIONAL AIRPORT GA US",2011-09-11,86
"ATLANTA HARTSFIELD INTERNATIONAL AIRPORT GA US",2011-09-12,87
"ATLANTA HARTSFIELD INTERNATIONAL AIRPORT GA US",2011-09-13,89
"ATLANTA HARTSFIELD INTERNATIONAL AIRPORT GA US",2011-09-14,92
"ATLANTA HARTSFIELD INTERNATIONAL AIRPORT GA US",2011-09-15,86
"ATLANTA HARTSFIELD INTERNATIONAL AIRPORT GA US",2011-09-16,72
"ATLANTA HARTSFIELD INTERNATIONAL AIRPORT GA US",2011-09-17,79
"ATLANTA HARTSFIELD INTERNATIONAL AIRPORT GA US",2011-09-18,77
"ATLANTA HARTSFIELD INTERNATIONAL AIRPORT GA US",2011-09-19,77
"ATLANTA HARTSFIELD INTERNATIONAL AIRPORT GA US",2011-09-20,82
"ATLANTA HARTSFIELD INTERNATIONAL AIRPORT GA US",2011-09-21,86
"ATLANTA HARTSFIELD INTERNATIONAL AIRPORT GA US",2011-09-22,80
"ATLANTA HARTSFIELD INTERNATIONAL AIRPORT GA US",2011-09-23,83
"ATLANTA HARTSFIELD INTERNATIONAL AIRPORT GA US",2011-09-24,82
"ATLANTA HARTSFIELD INTERNATIONAL AIRPORT GA US",2011-09-25,88
"ATLANTA HARTSFIELD INTERNATIONAL AIRPORT GA US",2011-09-26,86
"ATLANTA HARTSFIELD INTERNATIONAL AIRPORT GA US",2011-09-27,84
"ATLANTA HARTSFIELD INTERNATIONAL AIRPORT GA US",2011-09-28,79
"ATLANTA HARTSFIELD INTERNATIONAL AIRPORT GA US",2011-09-29,84
"ATLANTA HARTSFIELD INTERNATIONAL AIRPORT GA US",2011-09-30,78
"ATLANTA HARTSFIELD INTERNATIONAL AIRPORT GA US",2011-10-01,65
"ATLANTA HARTSFIELD INTERNATIONAL AIRPORT GA US",2011-10-02,68
"ATLANTA HARTSFIELD INTERNATIONAL AIRPORT GA US",2011-10-03,75
"ATLANTA HARTSFIELD INTERNATIONAL AIRPORT GA US",2011-10-04,80
"ATLANTA HARTSFIELD INTERNATIONAL AIRPORT GA US",2011-10-05,83
"ATLANTA HARTSFIELD INTERNATIONAL AIRPORT GA US",2011-10-06,81
"ATLANTA HARTSFIELD INTERNATIONAL AIRPORT GA US",2011-10-07,79
"ATLANTA HARTSFIELD INTERNATIONAL AIRPORT GA US",2011-10-08,78
"ATLANTA HARTSFIELD INTERNATIONAL AIRPORT GA US",2011-10-09,72
"ATLANTA HARTSFIELD INTERNATIONAL AIRPORT GA US",2011-10-10,68
"ATLANTA HARTSFIELD INTERNATIONAL AIRPORT GA US",2011-10-11,65
"ATLANTA HARTSFIELD INTERNATIONAL AIRPORT GA US",2011-10-12,73
"ATLANTA HARTSFIELD INTERNATIONAL AIRPORT GA US",2011-10-13,74
"ATLANTA HARTSFIELD INTERNATIONAL AIRPORT GA US",2011-10-14,77
"ATLANTA HARTSFIELD INTERNATIONAL AIRPORT GA US",2011-10-15,80
"ATLANTA HARTSFIELD INTERNATIONAL AIRPORT GA US",2011-10-16,84
"ATLANTA HARTSFIELD INTERNATIONAL AIRPORT GA US",2011-10-17,85
"ATLANTA HARTSFIELD INTERNATIONAL AIRPORT GA US",2011-10-18,80
"ATLANTA HARTSFIELD INTERNATIONAL AIRPORT GA US",2011-10-19,67
"ATLANTA HARTSFIELD INTERNATIONAL AIRPORT GA US",2011-10-20,59
"ATLANTA HARTSFIELD INTERNATIONAL AIRPORT GA US",2011-10-21,63
"ATLANTA HARTSFIELD INTERNATIONAL AIRPORT GA US",2011-10-22,68
"ATLANTA HARTSFIELD INTERNATIONAL AIRPORT GA US",2011-10-23,70
"ATLANTA HARTSFIELD INTERNATIONAL AIRPORT GA US",2011-10-24,73
"ATLANTA HARTSFIELD INTERNATIONAL AIRPORT GA US",2011-10-25,76
"ATLANTA HARTSFIELD INTERNATIONAL AIRPORT GA US",2011-10-26,77
"ATLANTA HARTSFIELD INTERNATIONAL AIRPORT GA US",2011-10-27,79
"ATLANTA HARTSFIELD INTERNATIONAL AIRPORT GA US",2011-10-28,74
"ATLANTA HARTSFIELD INTERNATIONAL AIRPORT GA US",2011-10-29,59
"ATLANTA HARTSFIELD INTERNATIONAL AIRPORT GA US",2011-10-30,61
"ATLANTA HARTSFIELD INTERNATIONAL AIRPORT GA US",2011-10-31,65
"ATLANTA HARTSFIELD INTERNATIONAL AIRPORT GA US",2011-11-01,68
"ATLANTA HARTSFIELD INTERNATIONAL AIRPORT GA US",2011-11-02,68
"ATLANTA HARTSFIELD INTERNATIONAL AIRPORT GA US",2011-11-03,71
"ATLANTA HARTSFIELD INTERNATIONAL AIRPORT GA US",2011-11-04,62
"ATLANTA HARTSFIELD INTERNATIONAL AIRPORT GA US",2011-11-05,61
"ATLANTA HARTSFIELD INTERNATIONAL AIRPORT GA US",2011-11-06,66
"ATLANTA HARTSFIELD INTERNATIONAL AIRPORT GA US",2011-11-07,72
"ATLANTA HARTSFIELD INTERNATIONAL AIRPORT GA US",2011-11-08,72
"ATLANTA HARTSFIELD INTERNATIONAL AIRPORT GA US",2011-11-09,71
"ATLANTA HARTSFIELD INTERNATIONAL AIRPORT GA US",2011-11-10,59
"ATLANTA HARTSFIELD INTERNATIONAL AIRPORT GA US",2011-11-11,58
"ATLANTA HARTSFIELD INTERNATIONAL AIRPORT GA US",2011-11-12,64
"ATLANTA HARTSFIELD INTERNATIONAL AIRPORT GA US",2011-11-13,72
"ATLANTA HARTSFIELD INTERNATIONAL AIRPORT GA US",2011-11-14,78
"ATLANTA HARTSFIELD INTERNATIONAL AIRPORT GA US",2011-11-15,76
"ATLANTA HARTSFIELD INTERNATIONAL AIRPORT GA US",2011-11-16,75
"ATLANTA HARTSFIELD INTERNATIONAL AIRPORT GA US",2011-11-17,57
"ATLANTA HARTSFIELD INTERNATIONAL AIRPORT GA US",2011-11-18,54
"ATLANTA HARTSFIELD INTERNATIONAL AIRPORT GA US",2011-11-19,63
"ATLANTA HARTSFIELD INTERNATIONAL AIRPORT GA US",2011-11-20,69
"ATLANTA HARTSFIELD INTERNATIONAL AIRPORT GA US",2011-11-21,77
"ATLANTA HARTSFIELD INTERNATIONAL AIRPORT GA US",2011-11-22,77
"ATLANTA HARTSFIELD INTERNATIONAL AIRPORT GA US",2011-11-23,63
"ATLANTA HARTSFIELD INTERNATIONAL AIRPORT GA US",2011-11-24,67
"ATLANTA HARTSFIELD INTERNATIONAL AIRPORT GA US",2011-11-25,68
"ATLANTA HARTSFIELD INTERNATIONAL AIRPORT GA US",2011-11-26,70
"ATLANTA HARTSFIELD INTERNATIONAL AIRPORT GA US",2011-11-27,73
"ATLANTA HARTSFIELD INTERNATIONAL AIRPORT GA US",2011-11-28,65
"ATLANTA HARTSFIELD INTERNATIONAL AIRPORT GA US",2011-11-29,40
"ATLANTA HARTSFIELD INTERNATIONAL AIRPORT GA US",2011-11-30,48
"ATLANTA HARTSFIELD INTERNATIONAL AIRPORT GA US",2011-12-01,60
"ATLANTA HARTSFIELD INTERNATIONAL AIRPORT GA US",2011-12-02,64
"ATLANTA HARTSFIELD INTERNATIONAL AIRPORT GA US",2011-12-03,63
"ATLANTA HARTSFIELD INTERNATIONAL AIRPORT GA US",2011-12-04,62
"ATLANTA HARTSFIELD INTERNATIONAL AIRPORT GA US",2011-12-05,71
"ATLANTA HARTSFIELD INTERNATIONAL AIRPORT GA US",2011-12-06,70
"ATLANTA HARTSFIELD INTERNATIONAL AIRPORT GA US",2011-12-07,57
"ATLANTA HARTSFIELD INTERNATIONAL AIRPORT GA US",2011-12-08,54
"ATLANTA HARTSFIELD INTERNATIONAL AIRPORT GA US",2011-12-09,56
"ATLANTA HARTSFIELD INTERNATIONAL AIRPORT GA US",2011-12-10,53
"ATLANTA HARTSFIELD INTERNATIONAL AIRPORT GA US",2011-12-11,51
"ATLANTA HARTSFIELD INTERNATIONAL AIRPORT GA US",2011-12-12,50
"ATLANTA HARTSFIELD INTERNATIONAL AIRPORT GA US",2011-12-13,68
"ATLANTA HARTSFIELD INTERNATIONAL AIRPORT GA US",2011-12-14,70
"ATLANTA HARTSFIELD INTERNATIONAL AIRPORT GA US",2011-12-15,72
"ATLANTA HARTSFIELD INTERNATIONAL AIRPORT GA US",2011-12-16,72
"ATLANTA HARTSFIELD INTERNATIONAL AIRPORT GA US",2011-12-17,53
"ATLANTA HARTSFIELD INTERNATIONAL AIRPORT GA US",2011-12-18,55
"ATLANTA HARTSFIELD INTERNATIONAL AIRPORT GA US",2011-12-19,60
"ATLANTA HARTSFIELD INTERNATIONAL AIRPORT GA US",2011-12-20,59
"ATLANTA HARTSFIELD INTERNATIONAL AIRPORT GA US",2011-12-21,66
"ATLANTA HARTSFIELD INTERNATIONAL AIRPORT GA US",2011-12-22,68
"ATLANTA HARTSFIELD INTERNATIONAL AIRPORT GA US",2011-12-23,57
"ATLANTA HARTSFIELD INTERNATIONAL AIRPORT GA US",2011-12-24,58
"ATLANTA HARTSFIELD INTERNATIONAL AIRPORT GA US",2011-12-25,50
"ATLANTA HARTSFIELD INTERNATIONAL AIRPORT GA US",2011-12-26,53
"ATLANTA HARTSFIELD INTERNATIONAL AIRPORT GA US",2011-12-27,52
"ATLANTA HARTSFIELD INTERNATIONAL AIRPORT GA US",2011-12-28,53
"ATLANTA HARTSFIELD INTERNATIONAL AIRPORT GA US",2011-12-29,57
"ATLANTA HARTSFIELD INTERNATIONAL AIRPORT GA US",2011-12-30,65
"ATLANTA HARTSFIELD INTERNATIONAL AIRPORT GA US",2011-12-31,66
"ATLANTA HARTSFIELD INTERNATIONAL AIRPORT GA US",2012-01-01,65
"ATLANTA HARTSFIELD INTERNATIONAL AIRPORT GA US",2012-01-02,48
"ATLANTA HARTSFIELD INTERNATIONAL AIRPORT GA US",2012-01-03,35
"ATLANTA HARTSFIELD INTERNATIONAL AIRPORT GA US",2012-01-04,52
"ATLANTA HARTSFIELD INTERNATIONAL AIRPORT GA US",2012-01-05,62
"ATLANTA HARTSFIELD INTERNATIONAL AIRPORT GA US",2012-01-06,67
"ATLANTA HARTSFIELD INTERNATIONAL AIRPORT GA US",2012-01-07,69
"ATLANTA HARTSFIELD INTERNATIONAL AIRPORT GA US",2012-01-08,61
"ATLANTA HARTSFIELD INTERNATIONAL AIRPORT GA US",2012-01-09,66
"ATLANTA HARTSFIELD INTERNATIONAL AIRPORT GA US",2012-01-10,62
"ATLANTA HARTSFIELD INTERNATIONAL AIRPORT GA US",2012-01-11,63
"ATLANTA HARTSFIELD INTERNATIONAL AIRPORT GA US",2012-01-12,59
"ATLANTA HARTSFIELD INTERNATIONAL AIRPORT GA US",2012-01-13,39
"ATLANTA HARTSFIELD INTERNATIONAL AIRPORT GA US",2012-01-14,53
"ATLANTA HARTSFIELD INTERNATIONAL AIRPORT GA US",2012-01-15,55
"ATLANTA HARTSFIELD INTERNATIONAL AIRPORT GA US",2012-01-16,58
"ATLANTA HARTSFIELD INTERNATIONAL AIRPORT GA US",2012-01-17,63
"ATLANTA HARTSFIELD INTERNATIONAL AIRPORT GA US",2012-01-18,53
"ATLANTA HARTSFIELD INTERNATIONAL AIRPORT GA US",2012-01-19,56
"ATLANTA HARTSFIELD INTERNATIONAL AIRPORT GA US",2012-01-20,61
"ATLANTA HARTSFIELD INTERNATIONAL AIRPORT GA US",2012-01-21,64
"ATLANTA HARTSFIELD INTERNATIONAL AIRPORT GA US",2012-01-22,56
"ATLANTA HARTSFIELD INTERNATIONAL AIRPORT GA US",2012-01-23,60
"ATLANTA HARTSFIELD INTERNATIONAL AIRPORT GA US",2012-01-24,64
"ATLANTA HARTSFIELD INTERNATIONAL AIRPORT GA US",2012-01-25,68
"ATLANTA HARTSFIELD INTERNATIONAL AIRPORT GA US",2012-01-26,71
"ATLANTA HARTSFIELD INTERNATIONAL AIRPORT GA US",2012-01-27,62
"ATLANTA HARTSFIELD INTERNATIONAL AIRPORT GA US",2012-01-28,64
"ATLANTA HARTSFIELD INTERNATIONAL AIRPORT GA US",2012-01-29,55
"ATLANTA HARTSFIELD INTERNATIONAL AIRPORT GA US",2012-01-30,62
"ATLANTA HARTSFIELD INTERNATIONAL AIRPORT GA US",2012-01-31,65
"ATLANTA HARTSFIELD INTERNATIONAL AIRPORT GA US",2012-02-01,67
"ATLANTA HARTSFIELD INTERNATIONAL AIRPORT GA US",2012-02-02,67
"ATLANTA HARTSFIELD INTERNATIONAL AIRPORT GA US",2012-02-03,62
"ATLANTA HARTSFIELD INTERNATIONAL AIRPORT GA US",2012-02-04,70
"ATLANTA HARTSFIELD INTERNATIONAL AIRPORT GA US",2012-02-05,70
"ATLANTA HARTSFIELD INTERNATIONAL AIRPORT GA US",2012-02-06,58
"ATLANTA HARTSFIELD INTERNATIONAL AIRPORT GA US",2012-02-07,62
"ATLANTA HARTSFIELD INTERNATIONAL AIRPORT GA US",2012-02-08,59
"ATLANTA HARTSFIELD INTERNATIONAL AIRPORT GA US",2012-02-09,53
"ATLANTA HARTSFIELD INTERNATIONAL AIRPORT GA US",2012-02-10,50
"ATLANTA HARTSFIELD INTERNATIONAL AIRPORT GA US",2012-02-11,45
"ATLANTA HARTSFIELD INTERNATIONAL AIRPORT GA US",2012-02-12,40
"ATLANTA HARTSFIELD INTERNATIONAL AIRPORT GA US",2012-02-13,55
"ATLANTA HARTSFIELD INTERNATIONAL AIRPORT GA US",2012-02-14,48
"ATLANTA HARTSFIELD INTERNATIONAL AIRPORT GA US",2012-02-15,66
"ATLANTA HARTSFIELD INTERNATIONAL AIRPORT GA US",2012-02-16,61
"ATLANTA HARTSFIELD INTERNATIONAL AIRPORT GA US",2012-02-17,66
"ATLANTA HARTSFIELD INTERNATIONAL AIRPORT GA US",2012-02-18,61
"ATLANTA HARTSFIELD INTERNATIONAL AIRPORT GA US",2012-02-19,54
"ATLANTA HARTSFIELD INTERNATIONAL AIRPORT GA US",2012-02-20,58
"ATLANTA HARTSFIELD INTERNATIONAL AIRPORT GA US",2012-02-21,62
"ATLANTA HARTSFIELD INTERNATIONAL AIRPORT GA US",2012-02-22,66
"ATLANTA HARTSFIELD INTERNATIONAL AIRPORT GA US",2012-02-23,76
"ATLANTA HARTSFIELD INTERNATIONAL AIRPORT GA US",2012-02-24,70
"ATLANTA HARTSFIELD INTERNATIONAL AIRPORT GA US",2012-02-25,55
"ATLANTA HARTSFIELD INTERNATIONAL AIRPORT GA US",2012-02-26,61
"ATLANTA HARTSFIELD INTERNATIONAL AIRPORT GA US",2012-02-27,66
"ATLANTA HARTSFIELD INTERNATIONAL AIRPORT GA US",2012-02-28,62
"ATLANTA HARTSFIELD INTERNATIONAL AIRPORT GA US",2012-02-29,70
"ATLANTA HARTSFIELD INTERNATIONAL AIRPORT GA US",2012-03-01,77
"ATLANTA HARTSFIELD INTERNATIONAL AIRPORT GA US",2012-03-02,77
"ATLANTA HARTSFIELD INTERNATIONAL AIRPORT GA US",2012-03-03,67
"ATLANTA HARTSFIELD INTERNATIONAL AIRPORT GA US",2012-03-04,53
"ATLANTA HARTSFIELD INTERNATIONAL AIRPORT GA US",2012-03-05,57
"ATLANTA HARTSFIELD INTERNATIONAL AIRPORT GA US",2012-03-06,61
"ATLANTA HARTSFIELD INTERNATIONAL AIRPORT GA US",2012-03-07,66
"ATLANTA HARTSFIELD INTERNATIONAL AIRPORT GA US",2012-03-08,76
"ATLANTA HARTSFIELD INTERNATIONAL AIRPORT GA US",2012-03-09,68
"ATLANTA HARTSFIELD INTERNATIONAL AIRPORT GA US",2012-03-10,65
"ATLANTA HARTSFIELD INTERNATIONAL AIRPORT GA US",2012-03-11,68
"ATLANTA HARTSFIELD INTERNATIONAL AIRPORT GA US",2012-03-12,66
"ATLANTA HARTSFIELD INTERNATIONAL AIRPORT GA US",2012-03-13,75
"ATLANTA HARTSFIELD INTERNATIONAL AIRPORT GA US",2012-03-14,81
"ATLANTA HARTSFIELD INTERNATIONAL AIRPORT GA US",2012-03-15,82
"ATLANTA HARTSFIELD INTERNATIONAL AIRPORT GA US",2012-03-16,83
"ATLANTA HARTSFIELD INTERNATIONAL AIRPORT GA US",2012-03-17,82
"ATLANTA HARTSFIELD INTERNATIONAL AIRPORT GA US",2012-03-18,84
"ATLANTA HARTSFIELD INTERNATIONAL AIRPORT GA US",2012-03-19,83
"ATLANTA HARTSFIELD INTERNATIONAL AIRPORT GA US",2012-03-20,83
"ATLANTA HARTSFIELD INTERNATIONAL AIRPORT GA US",2012-03-21,77
"ATLANTA HARTSFIELD INTERNATIONAL AIRPORT GA US",2012-03-22,77
"ATLANTA HARTSFIELD INTERNATIONAL AIRPORT GA US",2012-03-23,71
"ATLANTA HARTSFIELD INTERNATIONAL AIRPORT GA US",2012-03-24,74
"ATLANTA HARTSFIELD INTERNATIONAL AIRPORT GA US",2012-03-25,72
"ATLANTA HARTSFIELD INTERNATIONAL AIRPORT GA US",2012-03-26,81
"ATLANTA HARTSFIELD INTERNATIONAL AIRPORT GA US",2012-03-27,77
"ATLANTA HARTSFIELD INTERNATIONAL AIRPORT GA US",2012-03-28,81
"ATLANTA HARTSFIELD INTERNATIONAL AIRPORT GA US",2012-03-29,80
"ATLANTA HARTSFIELD INTERNATIONAL AIRPORT GA US",2012-03-30,79
"ATLANTA HARTSFIELD INTERNATIONAL AIRPORT GA US",2012-03-31,78
"ATLANTA HARTSFIELD INTERNATIONAL AIRPORT GA US",2012-04-01,84
"ATLANTA HARTSFIELD INTERNATIONAL AIRPORT GA US",2012-04-02,85
"ATLANTA HARTSFIELD INTERNATIONAL AIRPORT GA US",2012-04-03,87
"ATLANTA HARTSFIELD INTERNATIONAL AIRPORT GA US",2012-04-04,84
"ATLANTA HARTSFIELD INTERNATIONAL AIRPORT GA US",2012-04-05,73
"ATLANTA HARTSFIELD INTERNATIONAL AIRPORT GA US",2012-04-06,65
"ATLANTA HARTSFIELD INTERNATIONAL AIRPORT GA US",2012-04-07,73
"ATLANTA HARTSFIELD INTERNATIONAL AIRPORT GA US",2012-04-08,78
"ATLANTA HARTSFIELD INTERNATIONAL AIRPORT GA US",2012-04-09,80
"ATLANTA HARTSFIELD INTERNATIONAL AIRPORT GA US",2012-04-10,80
"ATLANTA HARTSFIELD INTERNATIONAL AIRPORT GA US",2012-04-11,67
"ATLANTA HARTSFIELD INTERNATIONAL AIRPORT GA US",2012-04-12,65
"ATLANTA HARTSFIELD INTERNATIONAL AIRPORT GA US",2012-04-13,74
"ATLANTA HARTSFIELD INTERNATIONAL AIRPORT GA US",2012-04-14,77
"ATLANTA HARTSFIELD INTERNATIONAL AIRPORT GA US",2012-04-15,81
"ATLANTA HARTSFIELD INTERNATIONAL AIRPORT GA US",2012-04-16,73
"ATLANTA HARTSFIELD INTERNATIONAL AIRPORT GA US",2012-04-17,81
"ATLANTA HARTSFIELD INTERNATIONAL AIRPORT GA US",2012-04-18,68
"ATLANTA HARTSFIELD INTERNATIONAL AIRPORT GA US",2012-04-19,69
"ATLANTA HARTSFIELD INTERNATIONAL AIRPORT GA US",2012-04-20,69
"ATLANTA HARTSFIELD INTERNATIONAL AIRPORT GA US",2012-04-21,77
"ATLANTA HARTSFIELD INTERNATIONAL AIRPORT GA US",2012-04-22,66
"ATLANTA HARTSFIELD INTERNATIONAL AIRPORT GA US",2012-04-23,60
"ATLANTA HARTSFIELD INTERNATIONAL AIRPORT GA US",2012-04-24,68
"ATLANTA HARTSFIELD INTERNATIONAL AIRPORT GA US",2012-04-25,81
"ATLANTA HARTSFIELD INTERNATIONAL AIRPORT GA US",2012-04-26,83
"ATLANTA HARTSFIELD INTERNATIONAL AIRPORT GA US",2012-04-27,80
"ATLANTA HARTSFIELD INTERNATIONAL AIRPORT GA US",2012-04-28,84
"ATLANTA HARTSFIELD INTERNATIONAL AIRPORT GA US",2012-04-29,87
"ATLANTA HARTSFIELD INTERNATIONAL AIRPORT GA US",2012-04-30,88
"ATLANTA HARTSFIELD INTERNATIONAL AIRPORT GA US",2012-05-01,88
"ATLANTA HARTSFIELD INTERNATIONAL AIRPORT GA US",2012-05-02,88
"ATLANTA HARTSFIELD INTERNATIONAL AIRPORT GA US",2012-05-03,84
"ATLANTA HARTSFIELD INTERNATIONAL AIRPORT GA US",2012-05-04,85
"ATLANTA HARTSFIELD INTERNATIONAL AIRPORT GA US",2012-05-05,88
"ATLANTA HARTSFIELD INTERNATIONAL AIRPORT GA US",2012-05-06,88
"ATLANTA HARTSFIELD INTERNATIONAL AIRPORT GA US",2012-05-07,80
"ATLANTA HARTSFIELD INTERNATIONAL AIRPORT GA US",2012-05-08,84
"ATLANTA HARTSFIELD INTERNATIONAL AIRPORT GA US",2012-05-09,69
"ATLANTA HARTSFIELD INTERNATIONAL AIRPORT GA US",2012-05-10,74
"ATLANTA HARTSFIELD INTERNATIONAL AIRPORT GA US",2012-05-11,78
"ATLANTA HARTSFIELD INTERNATIONAL AIRPORT GA US",2012-05-12,76
"ATLANTA HARTSFIELD INTERNATIONAL AIRPORT GA US",2012-05-13,69
"ATLANTA HARTSFIELD INTERNATIONAL AIRPORT GA US",2012-05-14,80
"ATLANTA HARTSFIELD INTERNATIONAL AIRPORT GA US",2012-05-15,81
"ATLANTA HARTSFIELD INTERNATIONAL AIRPORT GA US",2012-05-16,83
"ATLANTA HARTSFIELD INTERNATIONAL AIRPORT GA US",2012-05-17,84
"ATLANTA HARTSFIELD INTERNATIONAL AIRPORT GA US",2012-05-18,81
"ATLANTA HARTSFIELD INTERNATIONAL AIRPORT GA US",2012-05-19,83
"ATLANTA HARTSFIELD INTERNATIONAL AIRPORT GA US",2012-05-20,84
"ATLANTA HARTSFIELD INTERNATIONAL AIRPORT GA US",2012-05-21,85
"ATLANTA HARTSFIELD INTERNATIONAL AIRPORT GA US",2012-05-22,79
"ATLANTA HARTSFIELD INTERNATIONAL AIRPORT GA US",2012-05-23,82
"ATLANTA HARTSFIELD INTERNATIONAL AIRPORT GA US",2012-05-24,88
"ATLANTA HARTSFIELD INTERNATIONAL AIRPORT GA US",2012-05-25,90
"ATLANTA HARTSFIELD INTERNATIONAL AIRPORT GA US",2012-05-26,93
"ATLANTA HARTSFIELD INTERNATIONAL AIRPORT GA US",2012-05-27,89
"ATLANTA HARTSFIELD INTERNATIONAL AIRPORT GA US",2012-05-28,88
"ATLANTA HARTSFIELD INTERNATIONAL AIRPORT GA US",2012-05-29,84
"ATLANTA HARTSFIELD INTERNATIONAL AIRPORT GA US",2012-05-30,91
"ATLANTA HARTSFIELD INTERNATIONAL AIRPORT GA US",2012-05-31,90
"ATLANTA HARTSFIELD INTERNATIONAL AIRPORT GA US",2012-06-01,80
"ATLANTA HARTSFIELD INTERNATIONAL AIRPORT GA US",2012-06-02,78
"ATLANTA HARTSFIELD INTERNATIONAL AIRPORT GA US",2012-06-03,84
"ATLANTA HARTSFIELD INTERNATIONAL AIRPORT GA US",2012-06-04,80
"ATLANTA HARTSFIELD INTERNATIONAL AIRPORT GA US",2012-06-05,76
"ATLANTA HARTSFIELD INTERNATIONAL AIRPORT GA US",2012-06-06,81
"ATLANTA HARTSFIELD INTERNATIONAL AIRPORT GA US",2012-06-07,84
"ATLANTA HARTSFIELD INTERNATIONAL AIRPORT GA US",2012-06-08,85
"ATLANTA HARTSFIELD INTERNATIONAL AIRPORT GA US",2012-06-09,86
"ATLANTA HARTSFIELD INTERNATIONAL AIRPORT GA US",2012-06-10,76
"ATLANTA HARTSFIELD INTERNATIONAL AIRPORT GA US",2012-06-11,80
"ATLANTA HARTSFIELD INTERNATIONAL AIRPORT GA US",2012-06-12,86
"ATLANTA HARTSFIELD INTERNATIONAL AIRPORT GA US",2012-06-13,89
"ATLANTA HARTSFIELD INTERNATIONAL AIRPORT GA US",2012-06-14,85
"ATLANTA HARTSFIELD INTERNATIONAL AIRPORT GA US",2012-06-15,84
"ATLANTA HARTSFIELD INTERNATIONAL AIRPORT GA US",2012-06-16,83
"ATLANTA HARTSFIELD INTERNATIONAL AIRPORT GA US",2012-06-17,85
"ATLANTA HARTSFIELD INTERNATIONAL AIRPORT GA US",2012-06-18,87
"ATLANTA HARTSFIELD INTERNATIONAL AIRPORT GA US",2012-06-19,88
"ATLANTA HARTSFIELD INTERNATIONAL AIRPORT GA US",2012-06-20,88
"ATLANTA HARTSFIELD INTERNATIONAL AIRPORT GA US",2012-06-21,89
"ATLANTA HARTSFIELD INTERNATIONAL AIRPORT GA US",2012-06-22,92
"ATLANTA HARTSFIELD INTERNATIONAL AIRPORT GA US",2012-06-23,92
"ATLANTA HARTSFIELD INTERNATIONAL AIRPORT GA US",2012-06-24,93
"ATLANTA HARTSFIELD INTERNATIONAL AIRPORT GA US",2012-06-25,93
"ATLANTA HARTSFIELD INTERNATIONAL AIRPORT GA US",2012-06-26,90
"ATLANTA HARTSFIELD INTERNATIONAL AIRPORT GA US",2012-06-27,90
"ATLANTA HARTSFIELD INTERNATIONAL AIRPORT GA US",2012-06-28,98
"ATLANTA HARTSFIELD INTERNATIONAL AIRPORT GA US",2012-06-29,104
"ATLANTA HARTSFIELD INTERNATIONAL AIRPORT GA US",2012-06-30,106
"ATLANTA HARTSFIELD INTERNATIONAL AIRPORT GA US",2012-07-01,105
"ATLANTA HARTSFIELD INTERNATIONAL AIRPORT GA US",2012-07-02,93
"ATLANTA HARTSFIELD INTERNATIONAL AIRPORT GA US",2012-07-03,99
"ATLANTA HARTSFIELD INTERNATIONAL AIRPORT GA US",2012-07-04,98
"ATLANTA HARTSFIELD INTERNATIONAL AIRPORT GA US",2012-07-05,100
"ATLANTA HARTSFIELD INTERNATIONAL AIRPORT GA US",2012-07-06,98
"ATLANTA HARTSFIELD INTERNATIONAL AIRPORT GA US",2012-07-07,93
"ATLANTA HARTSFIELD INTERNATIONAL AIRPORT GA US",2012-07-08,95
"ATLANTA HARTSFIELD INTERNATIONAL AIRPORT GA US",2012-07-09,97
"ATLANTA HARTSFIELD INTERNATIONAL AIRPORT GA US",2012-07-10,95
"ATLANTA HARTSFIELD INTERNATIONAL AIRPORT GA US",2012-07-11,90
"ATLANTA HARTSFIELD INTERNATIONAL AIRPORT GA US",2012-07-12,84
"ATLANTA HARTSFIELD INTERNATIONAL AIRPORT GA US",2012-07-13,90
"ATLANTA HARTSFIELD INTERNATIONAL AIRPORT GA US",2012-07-14,90
"ATLANTA HARTSFIELD INTERNATIONAL AIRPORT GA US",2012-07-15,90
"ATLANTA HARTSFIELD INTERNATIONAL AIRPORT GA US",2012-07-16,92
"ATLANTA HARTSFIELD INTERNATIONAL AIRPORT GA US",2012-07-17,93
"ATLANTA HARTSFIELD INTERNATIONAL AIRPORT GA US",2012-07-18,93
"ATLANTA HARTSFIELD INTERNATIONAL AIRPORT GA US",2012-07-19,91
"ATLANTA HARTSFIELD INTERNATIONAL AIRPORT GA US",2012-07-20,84
"ATLANTA HARTSFIELD INTERNATIONAL AIRPORT GA US",2012-07-21,90
"ATLANTA HARTSFIELD INTERNATIONAL AIRPORT GA US",2012-07-22,95
"ATLANTA HARTSFIELD INTERNATIONAL AIRPORT GA US",2012-07-23,97
"ATLANTA HARTSFIELD INTERNATIONAL AIRPORT GA US",2012-07-24,97
"ATLANTA HARTSFIELD INTERNATIONAL AIRPORT GA US",2012-07-25,98
"ATLANTA HARTSFIELD INTERNATIONAL AIRPORT GA US",2012-07-26,98
"ATLANTA HARTSFIELD INTERNATIONAL AIRPORT GA US",2012-07-27,97
"ATLANTA HARTSFIELD INTERNATIONAL AIRPORT GA US",2012-07-28,97
"ATLANTA HARTSFIELD INTERNATIONAL AIRPORT GA US",2012-07-29,94
"ATLANTA HARTSFIELD INTERNATIONAL AIRPORT GA US",2012-07-30,96
"ATLANTA HARTSFIELD INTERNATIONAL AIRPORT GA US",2012-07-31,88
"ATLANTA HARTSFIELD INTERNATIONAL AIRPORT GA US",2012-08-01,94
"ATLANTA HARTSFIELD INTERNATIONAL AIRPORT GA US",2012-08-02,99
"ATLANTA HARTSFIELD INTERNATIONAL AIRPORT GA US",2012-08-03,94
"ATLANTA HARTSFIELD INTERNATIONAL AIRPORT GA US",2012-08-04,87
"ATLANTA HARTSFIELD INTERNATIONAL AIRPORT GA US",2012-08-05,90
"ATLANTA HARTSFIELD INTERNATIONAL AIRPORT GA US",2012-08-06,86
"ATLANTA HARTSFIELD INTERNATIONAL AIRPORT GA US",2012-08-07,84
"ATLANTA HARTSFIELD INTERNATIONAL AIRPORT GA US",2012-08-08,92
"ATLANTA HARTSFIELD INTERNATIONAL AIRPORT GA US",2012-08-09,88
"ATLANTA HARTSFIELD INTERNATIONAL AIRPORT GA US",2012-08-10,87
"ATLANTA HARTSFIELD INTERNATIONAL AIRPORT GA US",2012-08-11,85
"ATLANTA HARTSFIELD INTERNATIONAL AIRPORT GA US",2012-08-12,88
"ATLANTA HARTSFIELD INTERNATIONAL AIRPORT GA US",2012-08-13,91
"ATLANTA HARTSFIELD INTERNATIONAL AIRPORT GA US",2012-08-14,88
"ATLANTA HARTSFIELD INTERNATIONAL AIRPORT GA US",2012-08-15,85
"ATLANTA HARTSFIELD INTERNATIONAL AIRPORT GA US",2012-08-16,91
"ATLANTA HARTSFIELD INTERNATIONAL AIRPORT GA US",2012-08-17,87
"ATLANTA HARTSFIELD INTERNATIONAL AIRPORT GA US",2012-08-18,87
"ATLANTA HARTSFIELD INTERNATIONAL AIRPORT GA US",2012-08-19,84
"ATLANTA HARTSFIELD INTERNATIONAL AIRPORT GA US",2012-08-20,84
"ATLANTA HARTSFIELD INTERNATIONAL AIRPORT GA US",2012-08-21,88
"ATLANTA HARTSFIELD INTERNATIONAL AIRPORT GA US",2012-08-22,84
"ATLANTA HARTSFIELD INTERNATIONAL AIRPORT GA US",2012-08-23,88
"ATLANTA HARTSFIELD INTERNATIONAL AIRPORT GA US",2012-08-24,86
"ATLANTA HARTSFIELD INTERNATIONAL AIRPORT GA US",2012-08-25,85
"ATLANTA HARTSFIELD INTERNATIONAL AIRPORT GA US",2012-08-26,90
"ATLANTA HARTSFIELD INTERNATIONAL AIRPORT GA US",2012-08-27,90
"ATLANTA HARTSFIELD INTERNATIONAL AIRPORT GA US",2012-08-28,80
"ATLANTA HARTSFIELD INTERNATIONAL AIRPORT GA US",2012-08-29,86
"ATLANTA HARTSFIELD INTERNATIONAL AIRPORT GA US",2012-08-30,80
"ATLANTA HARTSFIELD INTERNATIONAL AIRPORT GA US",2012-08-31,89
"ATLANTA HARTSFIELD INTERNATIONAL AIRPORT GA US",2012-09-01,91
"ATLANTA HARTSFIELD INTERNATIONAL AIRPORT GA US",2012-09-02,89
"ATLANTA HARTSFIELD INTERNATIONAL AIRPORT GA US",2012-09-03,85
"ATLANTA HARTSFIELD INTERNATIONAL AIRPORT GA US",2012-09-04,77
"ATLANTA HARTSFIELD INTERNATIONAL AIRPORT GA US",2012-09-05,85
"ATLANTA HARTSFIELD INTERNATIONAL AIRPORT GA US",2012-09-06,85
"ATLANTA HARTSFIELD INTERNATIONAL AIRPORT GA US",2012-09-07,92
"ATLANTA HARTSFIELD INTERNATIONAL AIRPORT GA US",2012-09-08,88
"ATLANTA HARTSFIELD INTERNATIONAL AIRPORT GA US",2012-09-09,83
"ATLANTA HARTSFIELD INTERNATIONAL AIRPORT GA US",2012-09-10,84
"ATLANTA HARTSFIELD INTERNATIONAL AIRPORT GA US",2012-09-11,83
"ATLANTA HARTSFIELD INTERNATIONAL AIRPORT GA US",2012-09-12,81
"ATLANTA HARTSFIELD INTERNATIONAL AIRPORT GA US",2012-09-13,81
"ATLANTA HARTSFIELD INTERNATIONAL AIRPORT GA US",2012-09-14,83
"ATLANTA HARTSFIELD INTERNATIONAL AIRPORT GA US",2012-09-15,87
"ATLANTA HARTSFIELD INTERNATIONAL AIRPORT GA US",2012-09-16,86
"ATLANTA HARTSFIELD INTERNATIONAL AIRPORT GA US",2012-09-17,83
"ATLANTA HARTSFIELD INTERNATIONAL AIRPORT GA US",2012-09-18,79
"ATLANTA HARTSFIELD INTERNATIONAL AIRPORT GA US",2012-09-19,81
"ATLANTA HARTSFIELD INTERNATIONAL AIRPORT GA US",2012-09-20,79
"ATLANTA HARTSFIELD INTERNATIONAL AIRPORT GA US",2012-09-21,85
"ATLANTA HARTSFIELD INTERNATIONAL AIRPORT GA US",2012-09-22,87
"ATLANTA HARTSFIELD INTERNATIONAL AIRPORT GA US",2012-09-23,81
"ATLANTA HARTSFIELD INTERNATIONAL AIRPORT GA US",2012-09-24,78
"ATLANTA HARTSFIELD INTERNATIONAL AIRPORT GA US",2012-09-25,82
"ATLANTA HARTSFIELD INTERNATIONAL AIRPORT GA US",2012-09-26,86
"ATLANTA HARTSFIELD INTERNATIONAL AIRPORT GA US",2012-09-27,88
"ATLANTA HARTSFIELD INTERNATIONAL AIRPORT GA US",2012-09-28,86
"ATLANTA HARTSFIELD INTERNATIONAL AIRPORT GA US",2012-09-29,84
"ATLANTA HARTSFIELD INTERNATIONAL AIRPORT GA US",2012-09-30,72
"ATLANTA HARTSFIELD INTERNATIONAL AIRPORT GA US",2012-10-01,75
"ATLANTA HARTSFIELD INTERNATIONAL AIRPORT GA US",2012-10-02,72
"ATLANTA HARTSFIELD INTERNATIONAL AIRPORT GA US",2012-10-03,74
"ATLANTA HARTSFIELD INTERNATIONAL AIRPORT GA US",2012-10-04,82
"ATLANTA HARTSFIELD INTERNATIONAL AIRPORT GA US",2012-10-05,82
"ATLANTA HARTSFIELD INTERNATIONAL AIRPORT GA US",2012-10-06,83
"ATLANTA HARTSFIELD INTERNATIONAL AIRPORT GA US",2012-10-07,68
"ATLANTA HARTSFIELD INTERNATIONAL AIRPORT GA US",2012-10-08,63
"ATLANTA HARTSFIELD INTERNATIONAL AIRPORT GA US",2012-10-09,70
"ATLANTA HARTSFIELD INTERNATIONAL AIRPORT GA US",2012-10-10,73
"ATLANTA HARTSFIELD INTERNATIONAL AIRPORT GA US",2012-10-11,75
"ATLANTA HARTSFIELD INTERNATIONAL AIRPORT GA US",2012-10-12,79
"ATLANTA HARTSFIELD INTERNATIONAL AIRPORT GA US",2012-10-13,75
"ATLANTA HARTSFIELD INTERNATIONAL AIRPORT GA US",2012-10-14,77
"ATLANTA HARTSFIELD INTERNATIONAL AIRPORT GA US",2012-10-15,77
"ATLANTA HARTSFIELD INTERNATIONAL AIRPORT GA US",2012-10-16,74
"ATLANTA HARTSFIELD INTERNATIONAL AIRPORT GA US",2012-10-17,75
"ATLANTA HARTSFIELD INTERNATIONAL AIRPORT GA US",2012-10-18,74
"ATLANTA HARTSFIELD INTERNATIONAL AIRPORT GA US",2012-10-19,73
"ATLANTA HARTSFIELD INTERNATIONAL AIRPORT GA US",2012-10-20,71
"ATLANTA HARTSFIELD INTERNATIONAL AIRPORT GA US",2012-10-21,76
"ATLANTA HARTSFIELD INTERNATIONAL AIRPORT GA US",2012-10-22,79
"ATLANTA HARTSFIELD INTERNATIONAL AIRPORT GA US",2012-10-23,78
"ATLANTA HARTSFIELD INTERNATIONAL AIRPORT GA US",2012-10-24,79
"ATLANTA HARTSFIELD INTERNATIONAL AIRPORT GA US",2012-10-25,80
"ATLANTA HARTSFIELD INTERNATIONAL AIRPORT GA US",2012-10-26,80
"ATLANTA HARTSFIELD INTERNATIONAL AIRPORT GA US",2012-10-27,70
"ATLANTA HARTSFIELD INTERNATIONAL AIRPORT GA US",2012-10-28,56
"ATLANTA HARTSFIELD INTERNATIONAL AIRPORT GA US",2012-10-29,56
"ATLANTA HARTSFIELD INTERNATIONAL AIRPORT GA US",2012-10-30,56
"ATLANTA HARTSFIELD INTERNATIONAL AIRPORT GA US",2012-10-31,65
"ATLANTA HARTSFIELD INTERNATIONAL AIRPORT GA US",2012-11-01,64
"ATLANTA HARTSFIELD INTERNATIONAL AIRPORT GA US",2012-11-02,77
"ATLANTA HARTSFIELD INTERNATIONAL AIRPORT GA US",2012-11-03,81
"ATLANTA HARTSFIELD INTERNATIONAL AIRPORT GA US",2012-11-04,72
"ATLANTA HARTSFIELD INTERNATIONAL AIRPORT GA US",2012-11-05,64
"ATLANTA HARTSFIELD INTERNATIONAL AIRPORT GA US",2012-11-06,54
"ATLANTA HARTSFIELD INTERNATIONAL AIRPORT GA US",2012-11-07,51
"ATLANTA HARTSFIELD INTERNATIONAL AIRPORT GA US",2012-11-08,62
"ATLANTA HARTSFIELD INTERNATIONAL AIRPORT GA US",2012-11-09,69
"ATLANTA HARTSFIELD INTERNATIONAL AIRPORT GA US",2012-11-10,70
"ATLANTA HARTSFIELD INTERNATIONAL AIRPORT GA US",2012-11-11,67
"ATLANTA HARTSFIELD INTERNATIONAL AIRPORT GA US",2012-11-12,69
"ATLANTA HARTSFIELD INTERNATIONAL AIRPORT GA US",2012-11-13,58
"ATLANTA HARTSFIELD INTERNATIONAL AIRPORT GA US",2012-11-14,51
"ATLANTA HARTSFIELD INTERNATIONAL AIRPORT GA US",2012-11-15,51
"ATLANTA HARTSFIELD INTERNATIONAL AIRPORT GA US",2012-11-16,61
"ATLANTA HARTSFIELD INTERNATIONAL AIRPORT GA US",2012-11-17,60
"ATLANTA HARTSFIELD INTERNATIONAL AIRPORT GA US",2012-11-18,64
"ATLANTA HARTSFIELD INTERNATIONAL AIRPORT GA US",2012-11-19,60
"ATLANTA HARTSFIELD INTERNATIONAL AIRPORT GA US",2012-11-20,69
"ATLANTA HARTSFIELD INTERNATIONAL AIRPORT GA US",2012-11-21,70
"ATLANTA HARTSFIELD INTERNATIONAL AIRPORT GA US",2012-11-22,68
"ATLANTA HARTSFIELD INTERNATIONAL AIRPORT GA US",2012-11-23,72
"ATLANTA HARTSFIELD INTERNATIONAL AIRPORT GA US",2012-11-24,51
"ATLANTA HARTSFIELD INTERNATIONAL AIRPORT GA US",2012-11-25,60
"ATLANTA HARTSFIELD INTERNATIONAL AIRPORT GA US",2012-11-26,67
"ATLANTA HARTSFIELD INTERNATIONAL AIRPORT GA US",2012-11-27,58
"ATLANTA HARTSFIELD INTERNATIONAL AIRPORT GA US",2012-11-28,59
"ATLANTA HARTSFIELD INTERNATIONAL AIRPORT GA US",2012-11-29,60
"ATLANTA HARTSFIELD INTERNATIONAL AIRPORT GA US",2012-11-30,65
"ATLANTA HARTSFIELD INTERNATIONAL AIRPORT GA US",2012-12-01,68
"ATLANTA HARTSFIELD INTERNATIONAL AIRPORT GA US",2012-12-02,72
"ATLANTA HARTSFIELD INTERNATIONAL AIRPORT GA US",2012-12-03,74
"ATLANTA HARTSFIELD INTERNATIONAL AIRPORT GA US",2012-12-04,74
"ATLANTA HARTSFIELD INTERNATIONAL AIRPORT GA US",2012-12-05,70
"ATLANTA HARTSFIELD INTERNATIONAL AIRPORT GA US",2012-12-06,64
"ATLANTA HARTSFIELD INTERNATIONAL AIRPORT GA US",2012-12-07,64
"ATLANTA HARTSFIELD INTERNATIONAL AIRPORT GA US",2012-12-08,70
"ATLANTA HARTSFIELD INTERNATIONAL AIRPORT GA US",2012-12-09,71
"ATLANTA HARTSFIELD INTERNATIONAL AIRPORT GA US",2012-12-10,68
"ATLANTA HARTSFIELD INTERNATIONAL AIRPORT GA US",2012-12-11,50
"ATLANTA HARTSFIELD INTERNATIONAL AIRPORT GA US",2012-12-12,52
"ATLANTA HARTSFIELD INTERNATIONAL AIRPORT GA US",2012-12-13,57
"ATLANTA HARTSFIELD INTERNATIONAL AIRPORT GA US",2012-12-14,59
"ATLANTA HARTSFIELD INTERNATIONAL AIRPORT GA US",2012-12-15,60
"ATLANTA HARTSFIELD INTERNATIONAL AIRPORT GA US",2012-12-16,58
"ATLANTA HARTSFIELD INTERNATIONAL AIRPORT GA US",2012-12-17,58
"ATLANTA HARTSFIELD INTERNATIONAL AIRPORT GA US",2012-12-18,60
"ATLANTA HARTSFIELD INTERNATIONAL AIRPORT GA US",2012-12-19,68
"ATLANTA HARTSFIELD INTERNATIONAL AIRPORT GA US",2012-12-20,60
"ATLANTA HARTSFIELD INTERNATIONAL AIRPORT GA US",2012-12-21,46
"ATLANTA HARTSFIELD INTERNATIONAL AIRPORT GA US",2012-12-22,52
"ATLANTA HARTSFIELD INTERNATIONAL AIRPORT GA US",2012-12-23,58
"ATLANTA HARTSFIELD INTERNATIONAL AIRPORT GA US",2012-12-24,60
"ATLANTA HARTSFIELD INTERNATIONAL AIRPORT GA US",2012-12-25,54
"ATLANTA HARTSFIELD INTERNATIONAL AIRPORT GA US",2012-12-26,59
"ATLANTA HARTSFIELD INTERNATIONAL AIRPORT GA US",2012-12-27,43
"ATLANTA HARTSFIELD INTERNATIONAL AIRPORT GA US",2012-12-28,50
"ATLANTA HARTSFIELD INTERNATIONAL AIRPORT GA US",2012-12-29,43
"ATLANTA HARTSFIELD INTERNATIONAL AIRPORT GA US",2012-12-30,47
"ATLANTA HARTSFIELD INTERNATIONAL AIRPORT GA US",2012-12-31,53
"ATLANTA HARTSFIELD INTERNATIONAL AIRPORT GA US",2013-01-01,53
"ATLANTA HARTSFIELD INTERNATIONAL AIRPORT GA US",2013-01-02,51
"ATLANTA HARTSFIELD INTERNATIONAL AIRPORT GA US",2013-01-03,46
"ATLANTA HARTSFIELD INTERNATIONAL AIRPORT GA US",2013-01-04,51
"ATLANTA HARTSFIELD INTERNATIONAL AIRPORT GA US",2013-01-05,50
"ATLANTA HARTSFIELD INTERNATIONAL AIRPORT GA US",2013-01-06,52
"ATLANTA HARTSFIELD INTERNATIONAL AIRPORT GA US",2013-01-07,55
"ATLANTA HARTSFIELD INTERNATIONAL AIRPORT GA US",2013-01-08,53
"ATLANTA HARTSFIELD INTERNATIONAL AIRPORT GA US",2013-01-09,65
"ATLANTA HARTSFIELD INTERNATIONAL AIRPORT GA US",2013-01-10,68
"ATLANTA HARTSFIELD INTERNATIONAL AIRPORT GA US",2013-01-11,69
"ATLANTA HARTSFIELD INTERNATIONAL AIRPORT GA US",2013-01-12,76
"ATLANTA HARTSFIELD INTERNATIONAL AIRPORT GA US",2013-01-13,72
"ATLANTA HARTSFIELD INTERNATIONAL AIRPORT GA US",2013-01-14,67
"ATLANTA HARTSFIELD INTERNATIONAL AIRPORT GA US",2013-01-15,67
"ATLANTA HARTSFIELD INTERNATIONAL AIRPORT GA US",2013-01-16,65
"ATLANTA HARTSFIELD INTERNATIONAL AIRPORT GA US",2013-01-17,55
"ATLANTA HARTSFIELD INTERNATIONAL AIRPORT GA US",2013-01-18,56
"ATLANTA HARTSFIELD INTERNATIONAL AIRPORT GA US",2013-01-19,57
"ATLANTA HARTSFIELD INTERNATIONAL AIRPORT GA US",2013-01-20,63
"ATLANTA HARTSFIELD INTERNATIONAL AIRPORT GA US",2013-01-21,58
"ATLANTA HARTSFIELD INTERNATIONAL AIRPORT GA US",2013-01-22,45
"ATLANTA HARTSFIELD INTERNATIONAL AIRPORT GA US",2013-01-23,56
"ATLANTA HARTSFIELD INTERNATIONAL AIRPORT GA US",2013-01-24,56
"ATLANTA HARTSFIELD INTERNATIONAL AIRPORT GA US",2013-01-25,46
"ATLANTA HARTSFIELD INTERNATIONAL AIRPORT GA US",2013-01-26,60
"ATLANTA HARTSFIELD INTERNATIONAL AIRPORT GA US",2013-01-27,52
"ATLANTA HARTSFIELD INTERNATIONAL AIRPORT GA US",2013-01-28,59
"ATLANTA HARTSFIELD INTERNATIONAL AIRPORT GA US",2013-01-29,73
"ATLANTA HARTSFIELD INTERNATIONAL AIRPORT GA US",2013-01-30,71
"ATLANTA HARTSFIELD INTERNATIONAL AIRPORT GA US",2013-01-31,49
"ATLANTA HARTSFIELD INTERNATIONAL AIRPORT GA US",2013-02-01,44
"ATLANTA HARTSFIELD INTERNATIONAL AIRPORT GA US",2013-02-02,54
"ATLANTA HARTSFIELD INTERNATIONAL AIRPORT GA US",2013-02-03,58
"ATLANTA HARTSFIELD INTERNATIONAL AIRPORT GA US",2013-02-04,52
"ATLANTA HARTSFIELD INTERNATIONAL AIRPORT GA US",2013-02-05,62
"ATLANTA HARTSFIELD INTERNATIONAL AIRPORT GA US",2013-02-06,69
"ATLANTA HARTSFIELD INTERNATIONAL AIRPORT GA US",2013-02-07,53
"ATLANTA HARTSFIELD INTERNATIONAL AIRPORT GA US",2013-02-08,55
"ATLANTA HARTSFIELD INTERNATIONAL AIRPORT GA US",2013-02-09,62
"ATLANTA HARTSFIELD INTERNATIONAL AIRPORT GA US",2013-02-10,61
"ATLANTA HARTSFIELD INTERNATIONAL AIRPORT GA US",2013-02-11,61
"ATLANTA HARTSFIELD INTERNATIONAL AIRPORT GA US",2013-02-12,53
"ATLANTA HARTSFIELD INTERNATIONAL AIRPORT GA US",2013-02-13,54
"ATLANTA HARTSFIELD INTERNATIONAL AIRPORT GA US",2013-02-14,57
"ATLANTA HARTSFIELD INTERNATIONAL AIRPORT GA US",2013-02-15,63
"ATLANTA HARTSFIELD INTERNATIONAL AIRPORT GA US",2013-02-16,44
"ATLANTA HARTSFIELD INTERNATIONAL AIRPORT GA US",2013-02-17,47
"ATLANTA HARTSFIELD INTERNATIONAL AIRPORT GA US",2013-02-18,58
"ATLANTA HARTSFIELD INTERNATIONAL AIRPORT GA US",2013-02-19,59
"ATLANTA HARTSFIELD INTERNATIONAL AIRPORT GA US",2013-02-20,51
"ATLANTA HARTSFIELD INTERNATIONAL AIRPORT GA US",2013-02-21,64
"ATLANTA HARTSFIELD INTERNATIONAL AIRPORT GA US",2013-02-22,52
"ATLANTA HARTSFIELD INTERNATIONAL AIRPORT GA US",2013-02-23,51
"ATLANTA HARTSFIELD INTERNATIONAL AIRPORT GA US",2013-02-24,64
"ATLANTA HARTSFIELD INTERNATIONAL AIRPORT GA US",2013-02-25,50
"ATLANTA HARTSFIELD INTERNATIONAL AIRPORT GA US",2013-02-26,59
"ATLANTA HARTSFIELD INTERNATIONAL AIRPORT GA US",2013-02-27,60
"ATLANTA HARTSFIELD INTERNATIONAL AIRPORT GA US",2013-02-28,50
"ATLANTA HARTSFIELD INTERNATIONAL AIRPORT GA US",2013-03-01,44
"ATLANTA HARTSFIELD INTERNATIONAL AIRPORT GA US",2013-03-02,39
"ATLANTA HARTSFIELD INTERNATIONAL AIRPORT GA US",2013-03-03,42
"ATLANTA HARTSFIELD INTERNATIONAL AIRPORT GA US",2013-03-04,59
"ATLANTA HARTSFIELD INTERNATIONAL AIRPORT GA US",2013-03-05,65
"ATLANTA HARTSFIELD INTERNATIONAL AIRPORT GA US",2013-03-06,45
"ATLANTA HARTSFIELD INTERNATIONAL AIRPORT GA US",2013-03-07,59
"ATLANTA HARTSFIELD INTERNATIONAL AIRPORT GA US",2013-03-08,65
"ATLANTA HARTSFIELD INTERNATIONAL AIRPORT GA US",2013-03-09,61
"ATLANTA HARTSFIELD INTERNATIONAL AIRPORT GA US",2013-03-10,71
"ATLANTA HARTSFIELD INTERNATIONAL AIRPORT GA US",2013-03-11,67
"ATLANTA HARTSFIELD INTERNATIONAL AIRPORT GA US",2013-03-12,59
"ATLANTA HARTSFIELD INTERNATIONAL AIRPORT GA US",2013-03-13,56
"ATLANTA HARTSFIELD INTERNATIONAL AIRPORT GA US",2013-03-14,55
"ATLANTA HARTSFIELD INTERNATIONAL AIRPORT GA US",2013-03-15,74
"ATLANTA HARTSFIELD INTERNATIONAL AIRPORT GA US",2013-03-16,76
"ATLANTA HARTSFIELD INTERNATIONAL AIRPORT GA US",2013-03-17,71
"ATLANTA HARTSFIELD INTERNATIONAL AIRPORT GA US",2013-03-18,67
"ATLANTA HARTSFIELD INTERNATIONAL AIRPORT GA US",2013-03-19,63
"ATLANTA HARTSFIELD INTERNATIONAL AIRPORT GA US",2013-03-20,58
"ATLANTA HARTSFIELD INTERNATIONAL AIRPORT GA US",2013-03-21,50
"ATLANTA HARTSFIELD INTERNATIONAL AIRPORT GA US",2013-03-22,51
"ATLANTA HARTSFIELD INTERNATIONAL AIRPORT GA US",2013-03-23,56
"ATLANTA HARTSFIELD INTERNATIONAL AIRPORT GA US",2013-03-24,56
"ATLANTA HARTSFIELD INTERNATIONAL AIRPORT GA US",2013-03-25,46
"ATLANTA HARTSFIELD INTERNATIONAL AIRPORT GA US",2013-03-26,42
"ATLANTA HARTSFIELD INTERNATIONAL AIRPORT GA US",2013-03-27,55
"ATLANTA HARTSFIELD INTERNATIONAL AIRPORT GA US",2013-03-28,62
"ATLANTA HARTSFIELD INTERNATIONAL AIRPORT GA US",2013-03-29,69
"ATLANTA HARTSFIELD INTERNATIONAL AIRPORT GA US",2013-03-30,73
"ATLANTA HARTSFIELD INTERNATIONAL AIRPORT GA US",2013-03-31,69
"ATLANTA HARTSFIELD INTERNATIONAL AIRPORT GA US",2013-04-01,72
"ATLANTA HARTSFIELD INTERNATIONAL AIRPORT GA US",2013-04-02,67
"ATLANTA HARTSFIELD INTERNATIONAL AIRPORT GA US",2013-04-03,61
"ATLANTA HARTSFIELD INTERNATIONAL AIRPORT GA US",2013-04-04,47
"ATLANTA HARTSFIELD INTERNATIONAL AIRPORT GA US",2013-04-05,65
"ATLANTA HARTSFIELD INTERNATIONAL AIRPORT GA US",2013-04-06,71
"ATLANTA HARTSFIELD INTERNATIONAL AIRPORT GA US",2013-04-07,74
"ATLANTA HARTSFIELD INTERNATIONAL AIRPORT GA US",2013-04-08,78
"ATLANTA HARTSFIELD INTERNATIONAL AIRPORT GA US",2013-04-09,81
"ATLANTA HARTSFIELD INTERNATIONAL AIRPORT GA US",2013-04-10,83
"ATLANTA HARTSFIELD INTERNATIONAL AIRPORT GA US",2013-04-11,79
"ATLANTA HARTSFIELD INTERNATIONAL AIRPORT GA US",2013-04-12,68
"ATLANTA HARTSFIELD INTERNATIONAL AIRPORT GA US",2013-04-13,76
"ATLANTA HARTSFIELD INTERNATIONAL AIRPORT GA US",2013-04-14,65
"ATLANTA HARTSFIELD INTERNATIONAL AIRPORT GA US",2013-04-15,73
"ATLANTA HARTSFIELD INTERNATIONAL AIRPORT GA US",2013-04-16,80
"ATLANTA HARTSFIELD INTERNATIONAL AIRPORT GA US",2013-04-17,83
"ATLANTA HARTSFIELD INTERNATIONAL AIRPORT GA US",2013-04-18,81
"ATLANTA HARTSFIELD INTERNATIONAL AIRPORT GA US",2013-04-19,72
"ATLANTA HARTSFIELD INTERNATIONAL AIRPORT GA US",2013-04-20,63
"ATLANTA HARTSFIELD INTERNATIONAL AIRPORT GA US",2013-04-21,68
"ATLANTA HARTSFIELD INTERNATIONAL AIRPORT GA US",2013-04-22,69
"ATLANTA HARTSFIELD INTERNATIONAL AIRPORT GA US",2013-04-23,73
"ATLANTA HARTSFIELD INTERNATIONAL AIRPORT GA US",2013-04-24,74
"ATLANTA HARTSFIELD INTERNATIONAL AIRPORT GA US",2013-04-25,70
"ATLANTA HARTSFIELD INTERNATIONAL AIRPORT GA US",2013-04-26,75
"ATLANTA HARTSFIELD INTERNATIONAL AIRPORT GA US",2013-04-27,75
"ATLANTA HARTSFIELD INTERNATIONAL AIRPORT GA US",2013-04-28,64
"ATLANTA HARTSFIELD INTERNATIONAL AIRPORT GA US",2013-04-29,75
"ATLANTA HARTSFIELD INTERNATIONAL AIRPORT GA US",2013-04-30,78
"ATLANTA HARTSFIELD INTERNATIONAL AIRPORT GA US",2013-05-01,70
"ATLANTA HARTSFIELD INTERNATIONAL AIRPORT GA US",2013-05-02,70
"ATLANTA HARTSFIELD INTERNATIONAL AIRPORT GA US",2013-05-03,65
"ATLANTA HARTSFIELD INTERNATIONAL AIRPORT GA US",2013-05-04,59
"ATLANTA HARTSFIELD INTERNATIONAL AIRPORT GA US",2013-05-05,67
"ATLANTA HARTSFIELD INTERNATIONAL AIRPORT GA US",2013-05-06,59
"ATLANTA HARTSFIELD INTERNATIONAL AIRPORT GA US",2013-05-07,68
"ATLANTA HARTSFIELD INTERNATIONAL AIRPORT GA US",2013-05-08,76
"ATLANTA HARTSFIELD INTERNATIONAL AIRPORT GA US",2013-05-09,82
"ATLANTA HARTSFIELD INTERNATIONAL AIRPORT GA US",2013-05-10,77
"ATLANTA HARTSFIELD INTERNATIONAL AIRPORT GA US",2013-05-11,77
"ATLANTA HARTSFIELD INTERNATIONAL AIRPORT GA US",2013-05-12,71
"ATLANTA HARTSFIELD INTERNATIONAL AIRPORT GA US",2013-05-13,70
"ATLANTA HARTSFIELD INTERNATIONAL AIRPORT GA US",2013-05-14,78
"ATLANTA HARTSFIELD INTERNATIONAL AIRPORT GA US",2013-05-15,86
"ATLANTA HARTSFIELD INTERNATIONAL AIRPORT GA US",2013-05-16,81
"ATLANTA HARTSFIELD INTERNATIONAL AIRPORT GA US",2013-05-17,81
"ATLANTA HARTSFIELD INTERNATIONAL AIRPORT GA US",2013-05-18,74
"ATLANTA HARTSFIELD INTERNATIONAL AIRPORT GA US",2013-05-19,73
"ATLANTA HARTSFIELD INTERNATIONAL AIRPORT GA US",2013-05-20,85
"ATLANTA HARTSFIELD INTERNATIONAL AIRPORT GA US",2013-05-21,89
"ATLANTA HARTSFIELD INTERNATIONAL AIRPORT GA US",2013-05-22,86
"ATLANTA HARTSFIELD INTERNATIONAL AIRPORT GA US",2013-05-23,84
"ATLANTA HARTSFIELD INTERNATIONAL AIRPORT GA US",2013-05-24,76
"ATLANTA HARTSFIELD INTERNATIONAL AIRPORT GA US",2013-05-25,79
"ATLANTA HARTSFIELD INTERNATIONAL AIRPORT GA US",2013-05-26,83
"ATLANTA HARTSFIELD INTERNATIONAL AIRPORT GA US",2013-05-27,85
"ATLANTA HARTSFIELD INTERNATIONAL AIRPORT GA US",2013-05-28,85
"ATLANTA HARTSFIELD INTERNATIONAL AIRPORT GA US",2013-05-29,84
"ATLANTA HARTSFIELD INTERNATIONAL AIRPORT GA US",2013-05-30,86
"ATLANTA HARTSFIELD INTERNATIONAL AIRPORT GA US",2013-05-31,86
"ATLANTA HARTSFIELD INTERNATIONAL AIRPORT GA US",2013-06-01,85
"ATLANTA HARTSFIELD INTERNATIONAL AIRPORT GA US",2013-06-02,85
"ATLANTA HARTSFIELD INTERNATIONAL AIRPORT GA US",2013-06-03,86
"ATLANTA HARTSFIELD INTERNATIONAL AIRPORT GA US",2013-06-04,89
"ATLANTA HARTSFIELD INTERNATIONAL AIRPORT GA US",2013-06-05,85
"ATLANTA HARTSFIELD INTERNATIONAL AIRPORT GA US",2013-06-06,77
"ATLANTA HARTSFIELD INTERNATIONAL AIRPORT GA US",2013-06-07,83
"ATLANTA HARTSFIELD INTERNATIONAL AIRPORT GA US",2013-06-08,83
"ATLANTA HARTSFIELD INTERNATIONAL AIRPORT GA US",2013-06-09,80
"ATLANTA HARTSFIELD INTERNATIONAL AIRPORT GA US",2013-06-10,78
"ATLANTA HARTSFIELD INTERNATIONAL AIRPORT GA US",2013-06-11,90
"ATLANTA HARTSFIELD INTERNATIONAL AIRPORT GA US",2013-06-12,91
"ATLANTA HARTSFIELD INTERNATIONAL AIRPORT GA US",2013-06-13,91
"ATLANTA HARTSFIELD INTERNATIONAL AIRPORT GA US",2013-06-14,86
"ATLANTA HARTSFIELD INTERNATIONAL AIRPORT GA US",2013-06-15,84
"ATLANTA HARTSFIELD INTERNATIONAL AIRPORT GA US",2013-06-16,86
"ATLANTA HARTSFIELD INTERNATIONAL AIRPORT GA US",2013-06-17,86
"ATLANTA HARTSFIELD INTERNATIONAL AIRPORT GA US",2013-06-18,86
"ATLANTA HARTSFIELD INTERNATIONAL AIRPORT GA US",2013-06-19,83
"ATLANTA HARTSFIELD INTERNATIONAL AIRPORT GA US",2013-06-20,84
"ATLANTA HARTSFIELD INTERNATIONAL AIRPORT GA US",2013-06-21,85
"ATLANTA HARTSFIELD INTERNATIONAL AIRPORT GA US",2013-06-22,85
"ATLANTA HARTSFIELD INTERNATIONAL AIRPORT GA US",2013-06-23,84
"ATLANTA HARTSFIELD INTERNATIONAL AIRPORT GA US",2013-06-24,87
"ATLANTA HARTSFIELD INTERNATIONAL AIRPORT GA US",2013-06-25,88
"ATLANTA HARTSFIELD INTERNATIONAL AIRPORT GA US",2013-06-26,88
"ATLANTA HARTSFIELD INTERNATIONAL AIRPORT GA US",2013-06-27,88
"ATLANTA HARTSFIELD INTERNATIONAL AIRPORT GA US",2013-06-28,92
"ATLANTA HARTSFIELD INTERNATIONAL AIRPORT GA US",2013-06-29,88
"ATLANTA HARTSFIELD INTERNATIONAL AIRPORT GA US",2013-06-30,85
"ATLANTA HARTSFIELD INTERNATIONAL AIRPORT GA US",2013-07-01,82
"ATLANTA HARTSFIELD INTERNATIONAL AIRPORT GA US",2013-07-02,85
"ATLANTA HARTSFIELD INTERNATIONAL AIRPORT GA US",2013-07-03,76
"ATLANTA HARTSFIELD INTERNATIONAL AIRPORT GA US",2013-07-04,77
"ATLANTA HARTSFIELD INTERNATIONAL AIRPORT GA US",2013-07-05,83
"ATLANTA HARTSFIELD INTERNATIONAL AIRPORT GA US",2013-07-06,83
"ATLANTA HARTSFIELD INTERNATIONAL AIRPORT GA US",2013-07-07,79
"ATLANTA HARTSFIELD INTERNATIONAL AIRPORT GA US",2013-07-08,88
"ATLANTA HARTSFIELD INTERNATIONAL AIRPORT GA US",2013-07-09,88
"ATLANTA HARTSFIELD INTERNATIONAL AIRPORT GA US",2013-07-10,87
"ATLANTA HARTSFIELD INTERNATIONAL AIRPORT GA US",2013-07-11,80
"ATLANTA HARTSFIELD INTERNATIONAL AIRPORT GA US",2013-07-12,87
"ATLANTA HARTSFIELD INTERNATIONAL AIRPORT GA US",2013-07-13,78
"ATLANTA HARTSFIELD INTERNATIONAL AIRPORT GA US",2013-07-14,85
"ATLANTA HARTSFIELD INTERNATIONAL AIRPORT GA US",2013-07-15,86
"ATLANTA HARTSFIELD INTERNATIONAL AIRPORT GA US",2013-07-16,87
"ATLANTA HARTSFIELD INTERNATIONAL AIRPORT GA US",2013-07-17,91
"ATLANTA HARTSFIELD INTERNATIONAL AIRPORT GA US",2013-07-18,87
"ATLANTA HARTSFIELD INTERNATIONAL AIRPORT GA US",2013-07-19,90
"ATLANTA HARTSFIELD INTERNATIONAL AIRPORT GA US",2013-07-20,86
"ATLANTA HARTSFIELD INTERNATIONAL AIRPORT GA US",2013-07-21,87
"ATLANTA HARTSFIELD INTERNATIONAL AIRPORT GA US",2013-07-22,85
"ATLANTA HARTSFIELD INTERNATIONAL AIRPORT GA US",2013-07-23,84
"ATLANTA HARTSFIELD INTERNATIONAL AIRPORT GA US",2013-07-24,86
"ATLANTA HARTSFIELD INTERNATIONAL AIRPORT GA US",2013-07-25,89
"ATLANTA HARTSFIELD INTERNATIONAL AIRPORT GA US",2013-07-26,86
"ATLANTA HARTSFIELD INTERNATIONAL AIRPORT GA US",2013-07-27,82
"ATLANTA HARTSFIELD INTERNATIONAL AIRPORT GA US",2013-07-28,86
"ATLANTA HARTSFIELD INTERNATIONAL AIRPORT GA US",2013-07-29,86
"ATLANTA HARTSFIELD INTERNATIONAL AIRPORT GA US",2013-07-30,90
"ATLANTA HARTSFIELD INTERNATIONAL AIRPORT GA US",2013-07-31,80
"ATLANTA HARTSFIELD INTERNATIONAL AIRPORT GA US",2013-08-01,87
"ATLANTA HARTSFIELD INTERNATIONAL AIRPORT GA US",2013-08-02,89
"ATLANTA HARTSFIELD INTERNATIONAL AIRPORT GA US",2013-08-03,88
"ATLANTA HARTSFIELD INTERNATIONAL AIRPORT GA US",2013-08-04,90
"ATLANTA HARTSFIELD INTERNATIONAL AIRPORT GA US",2013-08-05,88
"ATLANTA HARTSFIELD INTERNATIONAL AIRPORT GA US",2013-08-06,88
"ATLANTA HARTSFIELD INTERNATIONAL AIRPORT GA US",2013-08-07,86
"ATLANTA HARTSFIELD INTERNATIONAL AIRPORT GA US",2013-08-08,83
"ATLANTA HARTSFIELD INTERNATIONAL AIRPORT GA US",2013-08-09,89
"ATLANTA HARTSFIELD INTERNATIONAL AIRPORT GA US",2013-08-10,90
"ATLANTA HARTSFIELD INTERNATIONAL AIRPORT GA US",2013-08-11,90
"ATLANTA HARTSFIELD INTERNATIONAL AIRPORT GA US",2013-08-12,90
"ATLANTA HARTSFIELD INTERNATIONAL AIRPORT GA US",2013-08-13,89
"ATLANTA HARTSFIELD INTERNATIONAL AIRPORT GA US",2013-08-14,83
"ATLANTA HARTSFIELD INTERNATIONAL AIRPORT GA US",2013-08-15,73
"ATLANTA HARTSFIELD INTERNATIONAL AIRPORT GA US",2013-08-16,67
"ATLANTA HARTSFIELD INTERNATIONAL AIRPORT GA US",2013-08-17,66
"ATLANTA HARTSFIELD INTERNATIONAL AIRPORT GA US",2013-08-18,77
"ATLANTA HARTSFIELD INTERNATIONAL AIRPORT GA US",2013-08-19,82
"ATLANTA HARTSFIELD INTERNATIONAL AIRPORT GA US",2013-08-20,84
"ATLANTA HARTSFIELD INTERNATIONAL AIRPORT GA US",2013-08-21,84
"ATLANTA HARTSFIELD INTERNATIONAL AIRPORT GA US",2013-08-22,88
"ATLANTA HARTSFIELD INTERNATIONAL AIRPORT GA US",2013-08-23,90
"ATLANTA HARTSFIELD INTERNATIONAL AIRPORT GA US",2013-08-24,84
"ATLANTA HARTSFIELD INTERNATIONAL AIRPORT GA US",2013-08-25,82
"ATLANTA HARTSFIELD INTERNATIONAL AIRPORT GA US",2013-08-26,82
"ATLANTA HARTSFIELD INTERNATIONAL AIRPORT GA US",2013-08-27,86
"ATLANTA HARTSFIELD INTERNATIONAL AIRPORT GA US",2013-08-28,90
"ATLANTA HARTSFIELD INTERNATIONAL AIRPORT GA US",2013-08-29,92
"ATLANTA HARTSFIELD INTERNATIONAL AIRPORT GA US",2013-08-30,87
"ATLANTA HARTSFIELD INTERNATIONAL AIRPORT GA US",2013-08-31,90
"ATLANTA HARTSFIELD INTERNATIONAL AIRPORT GA US",2013-09-01,90
"ATLANTA HARTSFIELD INTERNATIONAL AIRPORT GA US",2013-09-02,84
"ATLANTA HARTSFIELD INTERNATIONAL AIRPORT GA US",2013-09-03,90
"ATLANTA HARTSFIELD INTERNATIONAL AIRPORT GA US",2013-09-04,89
"ATLANTA HARTSFIELD INTERNATIONAL AIRPORT GA US",2013-09-05,89
"ATLANTA HARTSFIELD INTERNATIONAL AIRPORT GA US",2013-09-06,88
"ATLANTA HARTSFIELD INTERNATIONAL AIRPORT GA US",2013-09-07,88
"ATLANTA HARTSFIELD INTERNATIONAL AIRPORT GA US",2013-09-08,91
"ATLANTA HARTSFIELD INTERNATIONAL AIRPORT GA US",2013-09-09,90
"ATLANTA HARTSFIELD INTERNATIONAL AIRPORT GA US",2013-09-10,89
"ATLANTA HARTSFIELD INTERNATIONAL AIRPORT GA US",2013-09-11,89
"ATLANTA HARTSFIELD INTERNATIONAL AIRPORT GA US",2013-09-12,90
"ATLANTA HARTSFIELD INTERNATIONAL AIRPORT GA US",2013-09-13,87
"ATLANTA HARTSFIELD INTERNATIONAL AIRPORT GA US",2013-09-14,82
"ATLANTA HARTSFIELD INTERNATIONAL AIRPORT GA US",2013-09-15,84
"ATLANTA HARTSFIELD INTERNATIONAL AIRPORT GA US",2013-09-16,89
"ATLANTA HARTSFIELD INTERNATIONAL AIRPORT GA US",2013-09-17,79
"ATLANTA HARTSFIELD INTERNATIONAL AIRPORT GA US",2013-09-18,78
"ATLANTA HARTSFIELD INTERNATIONAL AIRPORT GA US",2013-09-19,84
"ATLANTA HARTSFIELD INTERNATIONAL AIRPORT GA US",2013-09-20,86
"ATLANTA HARTSFIELD INTERNATIONAL AIRPORT GA US",2013-09-21,73
"ATLANTA HARTSFIELD INTERNATIONAL AIRPORT GA US",2013-09-22,82
"ATLANTA HARTSFIELD INTERNATIONAL AIRPORT GA US",2013-09-23,82
"ATLANTA HARTSFIELD INTERNATIONAL AIRPORT GA US",2013-09-24,71
"ATLANTA HARTSFIELD INTERNATIONAL AIRPORT GA US",2013-09-25,67
"ATLANTA HARTSFIELD INTERNATIONAL AIRPORT GA US",2013-09-26,78
"ATLANTA HARTSFIELD INTERNATIONAL AIRPORT GA US",2013-09-27,79
"ATLANTA HARTSFIELD INTERNATIONAL AIRPORT GA US",2013-09-28,77
"ATLANTA HARTSFIELD INTERNATIONAL AIRPORT GA US",2013-09-29,76
"ATLANTA HARTSFIELD INTERNATIONAL AIRPORT GA US",2013-09-30,77
"ATLANTA HARTSFIELD INTERNATIONAL AIRPORT GA US",2013-10-01,82
"ATLANTA HARTSFIELD INTERNATIONAL AIRPORT GA US",2013-10-02,82
"ATLANTA HARTSFIELD INTERNATIONAL AIRPORT GA US",2013-10-03,82
"ATLANTA HARTSFIELD INTERNATIONAL AIRPORT GA US",2013-10-04,85
"ATLANTA HARTSFIELD INTERNATIONAL AIRPORT GA US",2013-10-05,84
"ATLANTA HARTSFIELD INTERNATIONAL AIRPORT GA US",2013-10-06,84
"ATLANTA HARTSFIELD INTERNATIONAL AIRPORT GA US",2013-10-07,74
"ATLANTA HARTSFIELD INTERNATIONAL AIRPORT GA US",2013-10-08,72
"ATLANTA HARTSFIELD INTERNATIONAL AIRPORT GA US",2013-10-09,76
"ATLANTA HARTSFIELD INTERNATIONAL AIRPORT GA US",2013-10-10,80
"ATLANTA HARTSFIELD INTERNATIONAL AIRPORT GA US",2013-10-11,79
"ATLANTA HARTSFIELD INTERNATIONAL AIRPORT GA US",2013-10-12,81
"ATLANTA HARTSFIELD INTERNATIONAL AIRPORT GA US",2013-10-13,82
"ATLANTA HARTSFIELD INTERNATIONAL AIRPORT GA US",2013-10-14,77
"ATLANTA HARTSFIELD INTERNATIONAL AIRPORT GA US",2013-10-15,68
"ATLANTA HARTSFIELD INTERNATIONAL AIRPORT GA US",2013-10-16,74
"ATLANTA HARTSFIELD INTERNATIONAL AIRPORT GA US",2013-10-17,72
"ATLANTA HARTSFIELD INTERNATIONAL AIRPORT GA US",2013-10-18,73
"ATLANTA HARTSFIELD INTERNATIONAL AIRPORT GA US",2013-10-19,63
"ATLANTA HARTSFIELD INTERNATIONAL AIRPORT GA US",2013-10-20,70
"ATLANTA HARTSFIELD INTERNATIONAL AIRPORT GA US",2013-10-21,72
"ATLANTA HARTSFIELD INTERNATIONAL AIRPORT GA US",2013-10-22,69
"ATLANTA HARTSFIELD INTERNATIONAL AIRPORT GA US",2013-10-23,63
"ATLANTA HARTSFIELD INTERNATIONAL AIRPORT GA US",2013-10-24,66
"ATLANTA HARTSFIELD INTERNATIONAL AIRPORT GA US",2013-10-25,56
"ATLANTA HARTSFIELD INTERNATIONAL AIRPORT GA US",2013-10-26,61
"ATLANTA HARTSFIELD INTERNATIONAL AIRPORT GA US",2013-10-27,69
"ATLANTA HARTSFIELD INTERNATIONAL AIRPORT GA US",2013-10-28,64
"ATLANTA HARTSFIELD INTERNATIONAL AIRPORT GA US",2013-10-29,75
"ATLANTA HARTSFIELD INTERNATIONAL AIRPORT GA US",2013-10-30,78
"ATLANTA HARTSFIELD INTERNATIONAL AIRPORT GA US",2013-10-31,74
"ATLANTA HARTSFIELD INTERNATIONAL AIRPORT GA US",2013-11-01,76
"ATLANTA HARTSFIELD INTERNATIONAL AIRPORT GA US",2013-11-02,70
"ATLANTA HARTSFIELD INTERNATIONAL AIRPORT GA US",2013-11-03,65
"ATLANTA HARTSFIELD INTERNATIONAL AIRPORT GA US",2013-11-04,63
"ATLANTA HARTSFIELD INTERNATIONAL AIRPORT GA US",2013-11-05,65
"ATLANTA HARTSFIELD INTERNATIONAL AIRPORT GA US",2013-11-06,72
"ATLANTA HARTSFIELD INTERNATIONAL AIRPORT GA US",2013-11-07,65
"ATLANTA HARTSFIELD INTERNATIONAL AIRPORT GA US",2013-11-08,62
"ATLANTA HARTSFIELD INTERNATIONAL AIRPORT GA US",2013-11-09,60
"ATLANTA HARTSFIELD INTERNATIONAL AIRPORT GA US",2013-11-10,70
"ATLANTA HARTSFIELD INTERNATIONAL AIRPORT GA US",2013-11-11,66
"ATLANTA HARTSFIELD INTERNATIONAL AIRPORT GA US",2013-11-12,63
"ATLANTA HARTSFIELD INTERNATIONAL AIRPORT GA US",2013-11-13,51
"ATLANTA HARTSFIELD INTERNATIONAL AIRPORT GA US",2013-11-14,59
"ATLANTA HARTSFIELD INTERNATIONAL AIRPORT GA US",2013-11-15,54
"ATLANTA HARTSFIELD INTERNATIONAL AIRPORT GA US",2013-11-16,67
"ATLANTA HARTSFIELD INTERNATIONAL AIRPORT GA US",2013-11-17,69
"ATLANTA HARTSFIELD INTERNATIONAL AIRPORT GA US",2013-11-18,72
"ATLANTA HARTSFIELD INTERNATIONAL AIRPORT GA US",2013-11-19,61
"ATLANTA HARTSFIELD INTERNATIONAL AIRPORT GA US",2013-11-20,57
"ATLANTA HARTSFIELD INTERNATIONAL AIRPORT GA US",2013-11-21,59
"ATLANTA HARTSFIELD INTERNATIONAL AIRPORT GA US",2013-11-22,64
"ATLANTA HARTSFIELD INTERNATIONAL AIRPORT GA US",2013-11-23,60
"ATLANTA HARTSFIELD INTERNATIONAL AIRPORT GA US",2013-11-24,48
"ATLANTA HARTSFIELD INTERNATIONAL AIRPORT GA US",2013-11-25,46
"ATLANTA HARTSFIELD INTERNATIONAL AIRPORT GA US",2013-11-26,48
"ATLANTA HARTSFIELD INTERNATIONAL AIRPORT GA US",2013-11-27,44
"ATLANTA HARTSFIELD INTERNATIONAL AIRPORT GA US",2013-11-28,50
"ATLANTA HARTSFIELD INTERNATIONAL AIRPORT GA US",2013-11-29,61
"ATLANTA HARTSFIELD INTERNATIONAL AIRPORT GA US",2013-11-30,54
"ATLANTA HARTSFIELD INTERNATIONAL AIRPORT GA US",2013-12-01,60
"ATLANTA HARTSFIELD INTERNATIONAL AIRPORT GA US",2013-12-02,54
"ATLANTA HARTSFIELD INTERNATIONAL AIRPORT GA US",2013-12-03,59
"ATLANTA HARTSFIELD INTERNATIONAL AIRPORT GA US",2013-12-04,73
"ATLANTA HARTSFIELD INTERNATIONAL AIRPORT GA US",2013-12-05,72
"ATLANTA HARTSFIELD INTERNATIONAL AIRPORT GA US",2013-12-06,75
"ATLANTA HARTSFIELD INTERNATIONAL AIRPORT GA US",2013-12-07,59
"ATLANTA HARTSFIELD INTERNATIONAL AIRPORT GA US",2013-12-08,48
"ATLANTA HARTSFIELD INTERNATIONAL AIRPORT GA US",2013-12-09,51
"ATLANTA HARTSFIELD INTERNATIONAL AIRPORT GA US",2013-12-10,51
"ATLANTA HARTSFIELD INTERNATIONAL AIRPORT GA US",2013-12-11,55
"ATLANTA HARTSFIELD INTERNATIONAL AIRPORT GA US",2013-12-12,47
"ATLANTA HARTSFIELD INTERNATIONAL AIRPORT GA US",2013-12-13,57
"ATLANTA HARTSFIELD INTERNATIONAL AIRPORT GA US",2013-12-14,57
"ATLANTA HARTSFIELD INTERNATIONAL AIRPORT GA US",2013-12-15,54
"ATLANTA HARTSFIELD INTERNATIONAL AIRPORT GA US",2013-12-16,57
"ATLANTA HARTSFIELD INTERNATIONAL AIRPORT GA US",2013-12-17,62
"ATLANTA HARTSFIELD INTERNATIONAL AIRPORT GA US",2013-12-18,54
"ATLANTA HARTSFIELD INTERNATIONAL AIRPORT GA US",2013-12-19,63
"ATLANTA HARTSFIELD INTERNATIONAL AIRPORT GA US",2013-12-20,58
"ATLANTA HARTSFIELD INTERNATIONAL AIRPORT GA US",2013-12-21,71
"ATLANTA HARTSFIELD INTERNATIONAL AIRPORT GA US",2013-12-22,71
"ATLANTA HARTSFIELD INTERNATIONAL AIRPORT GA US",2013-12-23,58
"ATLANTA HARTSFIELD INTERNATIONAL AIRPORT GA US",2013-12-24,41
"ATLANTA HARTSFIELD INTERNATIONAL AIRPORT GA US",2013-12-25,46
"ATLANTA HARTSFIELD INTERNATIONAL AIRPORT GA US",2013-12-26,55
"ATLANTA HARTSFIELD INTERNATIONAL AIRPORT GA US",2013-12-27,52
"ATLANTA HARTSFIELD INTERNATIONAL AIRPORT GA US",2013-12-28,46
"ATLANTA HARTSFIELD INTERNATIONAL AIRPORT GA US",2013-12-29,50
"ATLANTA HARTSFIELD INTERNATIONAL AIRPORT GA US",2013-12-30,50
"ATLANTA HARTSFIELD INTERNATIONAL AIRPORT GA US",2013-12-31,45
"ATLANTA HARTSFIELD INTERNATIONAL AIRPORT GA US",2014-01-01,47
"ATLANTA HARTSFIELD INTERNATIONAL AIRPORT GA US",2014-01-02,52
"ATLANTA HARTSFIELD INTERNATIONAL AIRPORT GA US",2014-01-03,36
"ATLANTA HARTSFIELD INTERNATIONAL AIRPORT GA US",2014-01-04,36
"ATLANTA HARTSFIELD INTERNATIONAL AIRPORT GA US",2014-01-05,52
"ATLANTA HARTSFIELD INTERNATIONAL AIRPORT GA US",2014-01-06,53
"ATLANTA HARTSFIELD INTERNATIONAL AIRPORT GA US",2014-01-07,26
"ATLANTA HARTSFIELD INTERNATIONAL AIRPORT GA US",2014-01-08,47
"ATLANTA HARTSFIELD INTERNATIONAL AIRPORT GA US",2014-01-09,49
"ATLANTA HARTSFIELD INTERNATIONAL AIRPORT GA US",2014-01-10,49
"ATLANTA HARTSFIELD INTERNATIONAL AIRPORT GA US",2014-01-11,65
"ATLANTA HARTSFIELD INTERNATIONAL AIRPORT GA US",2014-01-12,60
"ATLANTA HARTSFIELD INTERNATIONAL AIRPORT GA US",2014-01-13,58
"ATLANTA HARTSFIELD INTERNATIONAL AIRPORT GA US",2014-01-14,59
"ATLANTA HARTSFIELD INTERNATIONAL AIRPORT GA US",2014-01-15,46
"ATLANTA HARTSFIELD INTERNATIONAL AIRPORT GA US",2014-01-16,46
"ATLANTA HARTSFIELD INTERNATIONAL AIRPORT GA US",2014-01-17,53
"ATLANTA HARTSFIELD INTERNATIONAL AIRPORT GA US",2014-01-18,45
"ATLANTA HARTSFIELD INTERNATIONAL AIRPORT GA US",2014-01-19,54
"ATLANTA HARTSFIELD INTERNATIONAL AIRPORT GA US",2014-01-20,69
"ATLANTA HARTSFIELD INTERNATIONAL AIRPORT GA US",2014-01-21,51
"ATLANTA HARTSFIELD INTERNATIONAL AIRPORT GA US",2014-01-22,38
"ATLANTA HARTSFIELD INTERNATIONAL AIRPORT GA US",2014-01-23,40
"ATLANTA HARTSFIELD INTERNATIONAL AIRPORT GA US",2014-01-24,36
"ATLANTA HARTSFIELD INTERNATIONAL AIRPORT GA US",2014-01-25,49
"ATLANTA HARTSFIELD INTERNATIONAL AIRPORT GA US",2014-01-26,59
"ATLANTA HARTSFIELD INTERNATIONAL AIRPORT GA US",2014-01-27,61
"ATLANTA HARTSFIELD INTERNATIONAL AIRPORT GA US",2014-01-28,30
"ATLANTA HARTSFIELD INTERNATIONAL AIRPORT GA US",2014-01-29,28
"ATLANTA HARTSFIELD INTERNATIONAL AIRPORT GA US",2014-01-30,40
"ATLANTA HARTSFIELD INTERNATIONAL AIRPORT GA US",2014-01-31,58
"ATLANTA HARTSFIELD INTERNATIONAL AIRPORT GA US",2014-02-01,58
"ATLANTA HARTSFIELD INTERNATIONAL AIRPORT GA US",2014-02-02,74
"ATLANTA HARTSFIELD INTERNATIONAL AIRPORT GA US",2014-02-03,65
"ATLANTA HARTSFIELD INTERNATIONAL AIRPORT GA US",2014-02-04,47
"ATLANTA HARTSFIELD INTERNATIONAL AIRPORT GA US",2014-02-05,53
"ATLANTA HARTSFIELD INTERNATIONAL AIRPORT GA US",2014-02-06,42
"ATLANTA HARTSFIELD INTERNATIONAL AIRPORT GA US",2014-02-07,51
"ATLANTA HARTSFIELD INTERNATIONAL AIRPORT GA US",2014-02-08,59
"ATLANTA HARTSFIELD INTERNATIONAL AIRPORT GA US",2014-02-09,62
"ATLANTA HARTSFIELD INTERNATIONAL AIRPORT GA US",2014-02-10,50
"ATLANTA HARTSFIELD INTERNATIONAL AIRPORT GA US",2014-02-11,40
"ATLANTA HARTSFIELD INTERNATIONAL AIRPORT GA US",2014-02-12,35
"ATLANTA HARTSFIELD INTERNATIONAL AIRPORT GA US",2014-02-13,45
"ATLANTA HARTSFIELD INTERNATIONAL AIRPORT GA US",2014-02-14,57
"ATLANTA HARTSFIELD INTERNATIONAL AIRPORT GA US",2014-02-15,48
"ATLANTA HARTSFIELD INTERNATIONAL AIRPORT GA US",2014-02-16,63
"ATLANTA HARTSFIELD INTERNATIONAL AIRPORT GA US",2014-02-17,66
"ATLANTA HARTSFIELD INTERNATIONAL AIRPORT GA US",2014-02-18,71
"ATLANTA HARTSFIELD INTERNATIONAL AIRPORT GA US",2014-02-19,67
"ATLANTA HARTSFIELD INTERNATIONAL AIRPORT GA US",2014-02-20,76
"ATLANTA HARTSFIELD INTERNATIONAL AIRPORT GA US",2014-02-21,66
"ATLANTA HARTSFIELD INTERNATIONAL AIRPORT GA US",2014-02-22,65
"ATLANTA HARTSFIELD INTERNATIONAL AIRPORT GA US",2014-02-23,69
"ATLANTA HARTSFIELD INTERNATIONAL AIRPORT GA US",2014-02-24,64
"ATLANTA HARTSFIELD INTERNATIONAL AIRPORT GA US",2014-02-25,61
"ATLANTA HARTSFIELD INTERNATIONAL AIRPORT GA US",2014-02-26,49
"ATLANTA HARTSFIELD INTERNATIONAL AIRPORT GA US",2014-02-27,50
"ATLANTA HARTSFIELD INTERNATIONAL AIRPORT GA US",2014-02-28,55
"ATLANTA HARTSFIELD INTERNATIONAL AIRPORT GA US",2014-03-01,61
"ATLANTA HARTSFIELD INTERNATIONAL AIRPORT GA US",2014-03-02,74
"ATLANTA HARTSFIELD INTERNATIONAL AIRPORT GA US",2014-03-03,60
"ATLANTA HARTSFIELD INTERNATIONAL AIRPORT GA US",2014-03-04,44
"ATLANTA HARTSFIELD INTERNATIONAL AIRPORT GA US",2014-03-05,59
"ATLANTA HARTSFIELD INTERNATIONAL AIRPORT GA US",2014-03-06,47
"ATLANTA HARTSFIELD INTERNATIONAL AIRPORT GA US",2014-03-07,59
"ATLANTA HARTSFIELD INTERNATIONAL AIRPORT GA US",2014-03-08,70
"ATLANTA HARTSFIELD INTERNATIONAL AIRPORT GA US",2014-03-09,71
"ATLANTA HARTSFIELD INTERNATIONAL AIRPORT GA US",2014-03-10,72
"ATLANTA HARTSFIELD INTERNATIONAL AIRPORT GA US",2014-03-11,78
"ATLANTA HARTSFIELD INTERNATIONAL AIRPORT GA US",2014-03-12,72
"ATLANTA HARTSFIELD INTERNATIONAL AIRPORT GA US",2014-03-13,53
"ATLANTA HARTSFIELD INTERNATIONAL AIRPORT GA US",2014-03-14,65
"ATLANTA HARTSFIELD INTERNATIONAL AIRPORT GA US",2014-03-15,68
"ATLANTA HARTSFIELD INTERNATIONAL AIRPORT GA US",2014-03-16,59
"ATLANTA HARTSFIELD INTERNATIONAL AIRPORT GA US",2014-03-17,60
"ATLANTA HARTSFIELD INTERNATIONAL AIRPORT GA US",2014-03-18,50
"ATLANTA HARTSFIELD INTERNATIONAL AIRPORT GA US",2014-03-19,62
"ATLANTA HARTSFIELD INTERNATIONAL AIRPORT GA US",2014-03-20,66
"ATLANTA HARTSFIELD INTERNATIONAL AIRPORT GA US",2014-03-21,69
"ATLANTA HARTSFIELD INTERNATIONAL AIRPORT GA US",2014-03-22,75
"ATLANTA HARTSFIELD INTERNATIONAL AIRPORT GA US",2014-03-23,65
"ATLANTA HARTSFIELD INTERNATIONAL AIRPORT GA US",2014-03-24,60
"ATLANTA HARTSFIELD INTERNATIONAL AIRPORT GA US",2014-03-25,52
"ATLANTA HARTSFIELD INTERNATIONAL AIRPORT GA US",2014-03-26,53
"ATLANTA HARTSFIELD INTERNATIONAL AIRPORT GA US",2014-03-27,66
"ATLANTA HARTSFIELD INTERNATIONAL AIRPORT GA US",2014-03-28,61
"ATLANTA HARTSFIELD INTERNATIONAL AIRPORT GA US",2014-03-29,68
"ATLANTA HARTSFIELD INTERNATIONAL AIRPORT GA US",2014-03-30,65
"ATLANTA HARTSFIELD INTERNATIONAL AIRPORT GA US",2014-03-31,79
"ATLANTA HARTSFIELD INTERNATIONAL AIRPORT GA US",2014-04-01,82
"ATLANTA HARTSFIELD INTERNATIONAL AIRPORT GA US",2014-04-02,80
"ATLANTA HARTSFIELD INTERNATIONAL AIRPORT GA US",2014-04-03,82
"ATLANTA HARTSFIELD INTERNATIONAL AIRPORT GA US",2014-04-04,77
"ATLANTA HARTSFIELD INTERNATIONAL AIRPORT GA US",2014-04-05,69
"ATLANTA HARTSFIELD INTERNATIONAL AIRPORT GA US",2014-04-06,59
"ATLANTA HARTSFIELD INTERNATIONAL AIRPORT GA US",2014-04-07,66
"ATLANTA HARTSFIELD INTERNATIONAL AIRPORT GA US",2014-04-08,64
"ATLANTA HARTSFIELD INTERNATIONAL AIRPORT GA US",2014-04-09,67
"ATLANTA HARTSFIELD INTERNATIONAL AIRPORT GA US",2014-04-10,75
"ATLANTA HARTSFIELD INTERNATIONAL AIRPORT GA US",2014-04-11,73
"ATLANTA HARTSFIELD INTERNATIONAL AIRPORT GA US",2014-04-12,80
"ATLANTA HARTSFIELD INTERNATIONAL AIRPORT GA US",2014-04-13,80
"ATLANTA HARTSFIELD INTERNATIONAL AIRPORT GA US",2014-04-14,71
"ATLANTA HARTSFIELD INTERNATIONAL AIRPORT GA US",2014-04-15,64
"ATLANTA HARTSFIELD INTERNATIONAL AIRPORT GA US",2014-04-16,61
"ATLANTA HARTSFIELD INTERNATIONAL AIRPORT GA US",2014-04-17,66
"ATLANTA HARTSFIELD INTERNATIONAL AIRPORT GA US",2014-04-18,58
"ATLANTA HARTSFIELD INTERNATIONAL AIRPORT GA US",2014-04-19,63
"ATLANTA HARTSFIELD INTERNATIONAL AIRPORT GA US",2014-04-20,74
"ATLANTA HARTSFIELD INTERNATIONAL AIRPORT GA US",2014-04-21,78
"ATLANTA HARTSFIELD INTERNATIONAL AIRPORT GA US",2014-04-22,72
"ATLANTA HARTSFIELD INTERNATIONAL AIRPORT GA US",2014-04-23,76
"ATLANTA HARTSFIELD INTERNATIONAL AIRPORT GA US",2014-04-24,80
"ATLANTA HARTSFIELD INTERNATIONAL AIRPORT GA US",2014-04-25,79
"ATLANTA HARTSFIELD INTERNATIONAL AIRPORT GA US",2014-04-26,80
"ATLANTA HARTSFIELD INTERNATIONAL AIRPORT GA US",2014-04-27,84
"ATLANTA HARTSFIELD INTERNATIONAL AIRPORT GA US",2014-04-28,79
"ATLANTA HARTSFIELD INTERNATIONAL AIRPORT GA US",2014-04-29,76
"ATLANTA HARTSFIELD INTERNATIONAL AIRPORT GA US",2014-04-30,72
"ATLANTA HARTSFIELD INTERNATIONAL AIRPORT GA US",2014-05-01,68
"ATLANTA HARTSFIELD INTERNATIONAL AIRPORT GA US",2014-05-02,73
"ATLANTA HARTSFIELD INTERNATIONAL AIRPORT GA US",2014-05-03,76
"ATLANTA HARTSFIELD INTERNATIONAL AIRPORT GA US",2014-05-04,85
"ATLANTA HARTSFIELD INTERNATIONAL AIRPORT GA US",2014-05-05,87
"ATLANTA HARTSFIELD INTERNATIONAL AIRPORT GA US",2014-05-06,85
"ATLANTA HARTSFIELD INTERNATIONAL AIRPORT GA US",2014-05-07,84
"ATLANTA HARTSFIELD INTERNATIONAL AIRPORT GA US",2014-05-08,86
"ATLANTA HARTSFIELD INTERNATIONAL AIRPORT GA US",2014-05-09,78
"ATLANTA HARTSFIELD INTERNATIONAL AIRPORT GA US",2014-05-10,76
"ATLANTA HARTSFIELD INTERNATIONAL AIRPORT GA US",2014-05-11,84
"ATLANTA HARTSFIELD INTERNATIONAL AIRPORT GA US",2014-05-12,86
"ATLANTA HARTSFIELD INTERNATIONAL AIRPORT GA US",2014-05-13,86
"ATLANTA HARTSFIELD INTERNATIONAL AIRPORT GA US",2014-05-14,82
"ATLANTA HARTSFIELD INTERNATIONAL AIRPORT GA US",2014-05-15,66
"ATLANTA HARTSFIELD INTERNATIONAL AIRPORT GA US",2014-05-16,70
"ATLANTA HARTSFIELD INTERNATIONAL AIRPORT GA US",2014-05-17,72
"ATLANTA HARTSFIELD INTERNATIONAL AIRPORT GA US",2014-05-18,62
"ATLANTA HARTSFIELD INTERNATIONAL AIRPORT GA US",2014-05-19,73
"ATLANTA HARTSFIELD INTERNATIONAL AIRPORT GA US",2014-05-20,83
"ATLANTA HARTSFIELD INTERNATIONAL AIRPORT GA US",2014-05-21,85
"ATLANTA HARTSFIELD INTERNATIONAL AIRPORT GA US",2014-05-22,87
"ATLANTA HARTSFIELD INTERNATIONAL AIRPORT GA US",2014-05-23,88
"ATLANTA HARTSFIELD INTERNATIONAL AIRPORT GA US",2014-05-24,88
"ATLANTA HARTSFIELD INTERNATIONAL AIRPORT GA US",2014-05-25,90
"ATLANTA HARTSFIELD INTERNATIONAL AIRPORT GA US",2014-05-26,85
"ATLANTA HARTSFIELD INTERNATIONAL AIRPORT GA US",2014-05-27,83
"ATLANTA HARTSFIELD INTERNATIONAL AIRPORT GA US",2014-05-28,87
"ATLANTA HARTSFIELD INTERNATIONAL AIRPORT GA US",2014-05-29,86
"ATLANTA HARTSFIELD INTERNATIONAL AIRPORT GA US",2014-05-30,86
"ATLANTA HARTSFIELD INTERNATIONAL AIRPORT GA US",2014-05-31,88
"ATLANTA HARTSFIELD INTERNATIONAL AIRPORT GA US",2014-06-01,80
"ATLANTA HARTSFIELD INTERNATIONAL AIRPORT GA US",2014-06-02,79
"ATLANTA HARTSFIELD INTERNATIONAL AIRPORT GA US",2014-06-03,86
"ATLANTA HARTSFIELD INTERNATIONAL AIRPORT GA US",2014-06-04,88
"ATLANTA HARTSFIELD INTERNATIONAL AIRPORT GA US",2014-06-05,86
"ATLANTA HARTSFIELD INTERNATIONAL AIRPORT GA US",2014-06-06,86
"ATLANTA HARTSFIELD INTERNATIONAL AIRPORT GA US",2014-06-07,88
"ATLANTA HARTSFIELD INTERNATIONAL AIRPORT GA US",2014-06-08,87
"ATLANTA HARTSFIELD INTERNATIONAL AIRPORT GA US",2014-06-09,88
"ATLANTA HARTSFIELD INTERNATIONAL AIRPORT GA US",2014-06-10,87
"ATLANTA HARTSFIELD INTERNATIONAL AIRPORT GA US",2014-06-11,80
"ATLANTA HARTSFIELD INTERNATIONAL AIRPORT GA US",2014-06-12,83
"ATLANTA HARTSFIELD INTERNATIONAL AIRPORT GA US",2014-06-13,82
"ATLANTA HARTSFIELD INTERNATIONAL AIRPORT GA US",2014-06-14,87
"ATLANTA HARTSFIELD INTERNATIONAL AIRPORT GA US",2014-06-15,89
"ATLANTA HARTSFIELD INTERNATIONAL AIRPORT GA US",2014-06-16,90
"ATLANTA HARTSFIELD INTERNATIONAL AIRPORT GA US",2014-06-17,91
"ATLANTA HARTSFIELD INTERNATIONAL AIRPORT GA US",2014-06-18,92
"ATLANTA HARTSFIELD INTERNATIONAL AIRPORT GA US",2014-06-19,93
"ATLANTA HARTSFIELD INTERNATIONAL AIRPORT GA US",2014-06-20,92
"ATLANTA HARTSFIELD INTERNATIONAL AIRPORT GA US",2014-06-21,88
"ATLANTA HARTSFIELD INTERNATIONAL AIRPORT GA US",2014-06-22,89
"ATLANTA HARTSFIELD INTERNATIONAL AIRPORT GA US",2014-06-23,87
"ATLANTA HARTSFIELD INTERNATIONAL AIRPORT GA US",2014-06-24,85
"ATLANTA HARTSFIELD INTERNATIONAL AIRPORT GA US",2014-06-25,88
"ATLANTA HARTSFIELD INTERNATIONAL AIRPORT GA US",2014-06-26,86
"ATLANTA HARTSFIELD INTERNATIONAL AIRPORT GA US",2014-06-27,88
"ATLANTA HARTSFIELD INTERNATIONAL AIRPORT GA US",2014-06-28,86
"ATLANTA HARTSFIELD INTERNATIONAL AIRPORT GA US",2014-06-29,90
"ATLANTA HARTSFIELD INTERNATIONAL AIRPORT GA US",2014-06-30,87
"ATLANTA HARTSFIELD INTERNATIONAL AIRPORT GA US",2014-07-01,90
"ATLANTA HARTSFIELD INTERNATIONAL AIRPORT GA US",2014-07-02,93
"ATLANTA HARTSFIELD INTERNATIONAL AIRPORT GA US",2014-07-03,87
"ATLANTA HARTSFIELD INTERNATIONAL AIRPORT GA US",2014-07-04,84
"ATLANTA HARTSFIELD INTERNATIONAL AIRPORT GA US",2014-07-05,86
"ATLANTA HARTSFIELD INTERNATIONAL AIRPORT GA US",2014-07-06,87
"ATLANTA HARTSFIELD INTERNATIONAL AIRPORT GA US",2014-07-07,89
"ATLANTA HARTSFIELD INTERNATIONAL AIRPORT GA US",2014-07-08,90
"ATLANTA HARTSFIELD INTERNATIONAL AIRPORT GA US",2014-07-09,90
"ATLANTA HARTSFIELD INTERNATIONAL AIRPORT GA US",2014-07-10,87
"ATLANTA HARTSFIELD INTERNATIONAL AIRPORT GA US",2014-07-11,85
"ATLANTA HARTSFIELD INTERNATIONAL AIRPORT GA US",2014-07-12,90
"ATLANTA HARTSFIELD INTERNATIONAL AIRPORT GA US",2014-07-13,89
"ATLANTA HARTSFIELD INTERNATIONAL AIRPORT GA US",2014-07-14,90
"ATLANTA HARTSFIELD INTERNATIONAL AIRPORT GA US",2014-07-15,86
"ATLANTA HARTSFIELD INTERNATIONAL AIRPORT GA US",2014-07-16,83
"ATLANTA HARTSFIELD INTERNATIONAL AIRPORT GA US",2014-07-17,86
"ATLANTA HARTSFIELD INTERNATIONAL AIRPORT GA US",2014-07-18,82
"ATLANTA HARTSFIELD INTERNATIONAL AIRPORT GA US",2014-07-19,85
"ATLANTA HARTSFIELD INTERNATIONAL AIRPORT GA US",2014-07-20,76
"ATLANTA HARTSFIELD INTERNATIONAL AIRPORT GA US",2014-07-21,82
"ATLANTA HARTSFIELD INTERNATIONAL AIRPORT GA US",2014-07-22,83
"ATLANTA HARTSFIELD INTERNATIONAL AIRPORT GA US",2014-07-23,88
"ATLANTA HARTSFIELD INTERNATIONAL AIRPORT GA US",2014-07-24,87
"ATLANTA HARTSFIELD INTERNATIONAL AIRPORT GA US",2014-07-25,88
"ATLANTA HARTSFIELD INTERNATIONAL AIRPORT GA US",2014-07-26,89
"ATLANTA HARTSFIELD INTERNATIONAL AIRPORT GA US",2014-07-27,92
"ATLANTA HARTSFIELD INTERNATIONAL AIRPORT GA US",2014-07-28,90
"ATLANTA HARTSFIELD INTERNATIONAL AIRPORT GA US",2014-07-29,82
"ATLANTA HARTSFIELD INTERNATIONAL AIRPORT GA US",2014-07-30,84
"ATLANTA HARTSFIELD INTERNATIONAL AIRPORT GA US",2014-07-31,85
"ATLANTA HARTSFIELD INTERNATIONAL AIRPORT GA US",2014-08-01,81
"ATLANTA HARTSFIELD INTERNATIONAL AIRPORT GA US",2014-08-02,84
"ATLANTA HARTSFIELD INTERNATIONAL AIRPORT GA US",2014-08-03,88
"ATLANTA HARTSFIELD INTERNATIONAL AIRPORT GA US",2014-08-04,90
"ATLANTA HARTSFIELD INTERNATIONAL AIRPORT GA US",2014-08-05,89
"ATLANTA HARTSFIELD INTERNATIONAL AIRPORT GA US",2014-08-06,92
"ATLANTA HARTSFIELD INTERNATIONAL AIRPORT GA US",2014-08-07,95
"ATLANTA HARTSFIELD INTERNATIONAL AIRPORT GA US",2014-08-08,90
"ATLANTA HARTSFIELD INTERNATIONAL AIRPORT GA US",2014-08-09,89
"ATLANTA HARTSFIELD INTERNATIONAL AIRPORT GA US",2014-08-10,86
"ATLANTA HARTSFIELD INTERNATIONAL AIRPORT GA US",2014-08-11,83
"ATLANTA HARTSFIELD INTERNATIONAL AIRPORT GA US",2014-08-12,88
"ATLANTA HARTSFIELD INTERNATIONAL AIRPORT GA US",2014-08-13,84
"ATLANTA HARTSFIELD INTERNATIONAL AIRPORT GA US",2014-08-14,85
"ATLANTA HARTSFIELD INTERNATIONAL AIRPORT GA US",2014-08-15,87
"ATLANTA HARTSFIELD INTERNATIONAL AIRPORT GA US",2014-08-16,88
"ATLANTA HARTSFIELD INTERNATIONAL AIRPORT GA US",2014-08-17,89
"ATLANTA HARTSFIELD INTERNATIONAL AIRPORT GA US",2014-08-18,89
"ATLANTA HARTSFIELD INTERNATIONAL AIRPORT GA US",2014-08-19,86
"ATLANTA HARTSFIELD INTERNATIONAL AIRPORT GA US",2014-08-20,89
"ATLANTA HARTSFIELD INTERNATIONAL AIRPORT GA US",2014-08-21,92
"ATLANTA HARTSFIELD INTERNATIONAL AIRPORT GA US",2014-08-22,93
"ATLANTA HARTSFIELD INTERNATIONAL AIRPORT GA US",2014-08-23,93
"ATLANTA HARTSFIELD INTERNATIONAL AIRPORT GA US",2014-08-24,88
"ATLANTA HARTSFIELD INTERNATIONAL AIRPORT GA US",2014-08-25,84
"ATLANTA HARTSFIELD INTERNATIONAL AIRPORT GA US",2014-08-26,86
"ATLANTA HARTSFIELD INTERNATIONAL AIRPORT GA US",2014-08-27,88
"ATLANTA HARTSFIELD INTERNATIONAL AIRPORT GA US",2014-08-28,91
"ATLANTA HARTSFIELD INTERNATIONAL AIRPORT GA US",2014-08-29,92
"ATLANTA HARTSFIELD INTERNATIONAL AIRPORT GA US",2014-08-30,88
"ATLANTA HARTSFIELD INTERNATIONAL AIRPORT GA US",2014-08-31,89
"ATLANTA HARTSFIELD INTERNATIONAL AIRPORT GA US",2014-09-01,90
"ATLANTA HARTSFIELD INTERNATIONAL AIRPORT GA US",2014-09-02,90
"ATLANTA HARTSFIELD INTERNATIONAL AIRPORT GA US",2014-09-03,92
"ATLANTA HARTSFIELD INTERNATIONAL AIRPORT GA US",2014-09-04,82
"ATLANTA HARTSFIELD INTERNATIONAL AIRPORT GA US",2014-09-05,89
"ATLANTA HARTSFIELD INTERNATIONAL AIRPORT GA US",2014-09-06,91
"ATLANTA HARTSFIELD INTERNATIONAL AIRPORT GA US",2014-09-07,90
"ATLANTA HARTSFIELD INTERNATIONAL AIRPORT GA US",2014-09-08,84
"ATLANTA HARTSFIELD INTERNATIONAL AIRPORT GA US",2014-09-09,84
"ATLANTA HARTSFIELD INTERNATIONAL AIRPORT GA US",2014-09-10,86
"ATLANTA HARTSFIELD INTERNATIONAL AIRPORT GA US",2014-09-11,90
"ATLANTA HARTSFIELD INTERNATIONAL AIRPORT GA US",2014-09-12,92
"ATLANTA HARTSFIELD INTERNATIONAL AIRPORT GA US",2014-09-13,86
"ATLANTA HARTSFIELD INTERNATIONAL AIRPORT GA US",2014-09-14,78
"ATLANTA HARTSFIELD INTERNATIONAL AIRPORT GA US",2014-09-15,80
"ATLANTA HARTSFIELD INTERNATIONAL AIRPORT GA US",2014-09-16,86
"ATLANTA HARTSFIELD INTERNATIONAL AIRPORT GA US",2014-09-17,86
"ATLANTA HARTSFIELD INTERNATIONAL AIRPORT GA US",2014-09-18,85
"ATLANTA HARTSFIELD INTERNATIONAL AIRPORT GA US",2014-09-19,84
"ATLANTA HARTSFIELD INTERNATIONAL AIRPORT GA US",2014-09-20,83
"ATLANTA HARTSFIELD INTERNATIONAL AIRPORT GA US",2014-09-21,87
"ATLANTA HARTSFIELD INTERNATIONAL AIRPORT GA US",2014-09-22,82
"ATLANTA HARTSFIELD INTERNATIONAL AIRPORT GA US",2014-09-23,77
"ATLANTA HARTSFIELD INTERNATIONAL AIRPORT GA US",2014-09-24,78
"ATLANTA HARTSFIELD INTERNATIONAL AIRPORT GA US",2014-09-25,77
"ATLANTA HARTSFIELD INTERNATIONAL AIRPORT GA US",2014-09-26,74
"ATLANTA HARTSFIELD INTERNATIONAL AIRPORT GA US",2014-09-27,78
"ATLANTA HARTSFIELD INTERNATIONAL AIRPORT GA US",2014-09-28,74
"ATLANTA HARTSFIELD INTERNATIONAL AIRPORT GA US",2014-09-29,71
"ATLANTA HARTSFIELD INTERNATIONAL AIRPORT GA US",2014-09-30,84
"ATLANTA HARTSFIELD INTERNATIONAL AIRPORT GA US",2014-10-01,86
"ATLANTA HARTSFIELD INTERNATIONAL AIRPORT GA US",2014-10-02,85
"ATLANTA HARTSFIELD INTERNATIONAL AIRPORT GA US",2014-10-03,78
"ATLANTA HARTSFIELD INTERNATIONAL AIRPORT GA US",2014-10-04,65
"ATLANTA HARTSFIELD INTERNATIONAL AIRPORT GA US",2014-10-05,71
"ATLANTA HARTSFIELD INTERNATIONAL AIRPORT GA US",2014-10-06,78
"ATLANTA HARTSFIELD INTERNATIONAL AIRPORT GA US",2014-10-07,82
"ATLANTA HARTSFIELD INTERNATIONAL AIRPORT GA US",2014-10-08,86
"ATLANTA HARTSFIELD INTERNATIONAL AIRPORT GA US",2014-10-09,86
"ATLANTA HARTSFIELD INTERNATIONAL AIRPORT GA US",2014-10-10,86
"ATLANTA HARTSFIELD INTERNATIONAL AIRPORT GA US",2014-10-11,86
"ATLANTA HARTSFIELD INTERNATIONAL AIRPORT GA US",2014-10-12,85
"ATLANTA HARTSFIELD INTERNATIONAL AIRPORT GA US",2014-10-13,85
"ATLANTA HARTSFIELD INTERNATIONAL AIRPORT GA US",2014-10-14,75
"ATLANTA HARTSFIELD INTERNATIONAL AIRPORT GA US",2014-10-15,69
"ATLANTA HARTSFIELD INTERNATIONAL AIRPORT GA US",2014-10-16,70
"ATLANTA HARTSFIELD INTERNATIONAL AIRPORT GA US",2014-10-17,80
"ATLANTA HARTSFIELD INTERNATIONAL AIRPORT GA US",2014-10-18,76
"ATLANTA HARTSFIELD INTERNATIONAL AIRPORT GA US",2014-10-19,73
"ATLANTA HARTSFIELD INTERNATIONAL AIRPORT GA US",2014-10-20,73
"ATLANTA HARTSFIELD INTERNATIONAL AIRPORT GA US",2014-10-21,77
"ATLANTA HARTSFIELD INTERNATIONAL AIRPORT GA US",2014-10-22,70
"ATLANTA HARTSFIELD INTERNATIONAL AIRPORT GA US",2014-10-23,72
"ATLANTA HARTSFIELD INTERNATIONAL AIRPORT GA US",2014-10-24,74
"ATLANTA HARTSFIELD INTERNATIONAL AIRPORT GA US",2014-10-25,77
"ATLANTA HARTSFIELD INTERNATIONAL AIRPORT GA US",2014-10-26,84
"ATLANTA HARTSFIELD INTERNATIONAL AIRPORT GA US",2014-10-27,84
"ATLANTA HARTSFIELD INTERNATIONAL AIRPORT GA US",2014-10-28,77
"ATLANTA HARTSFIELD INTERNATIONAL AIRPORT GA US",2014-10-29,73
"ATLANTA HARTSFIELD INTERNATIONAL AIRPORT GA US",2014-10-30,68
"ATLANTA HARTSFIELD INTERNATIONAL AIRPORT GA US",2014-10-31,63
"ATLANTA HARTSFIELD INTERNATIONAL AIRPORT GA US",2014-11-01,47
"ATLANTA HARTSFIELD INTERNATIONAL AIRPORT GA US",2014-11-02,58
"ATLANTA HARTSFIELD INTERNATIONAL AIRPORT GA US",2014-11-03,67
"ATLANTA HARTSFIELD INTERNATIONAL AIRPORT GA US",2014-11-04,70
"ATLANTA HARTSFIELD INTERNATIONAL AIRPORT GA US",2014-11-05,69
"ATLANTA HARTSFIELD INTERNATIONAL AIRPORT GA US",2014-11-06,72
"ATLANTA HARTSFIELD INTERNATIONAL AIRPORT GA US",2014-11-07,60
"ATLANTA HARTSFIELD INTERNATIONAL AIRPORT GA US",2014-11-08,63
"ATLANTA HARTSFIELD INTERNATIONAL AIRPORT GA US",2014-11-09,68
"ATLANTA HARTSFIELD INTERNATIONAL AIRPORT GA US",2014-11-10,71
"ATLANTA HARTSFIELD INTERNATIONAL AIRPORT GA US",2014-11-11,72
"ATLANTA HARTSFIELD INTERNATIONAL AIRPORT GA US",2014-11-12,66
"ATLANTA HARTSFIELD INTERNATIONAL AIRPORT GA US",2014-11-13,47
"ATLANTA HARTSFIELD INTERNATIONAL AIRPORT GA US",2014-11-14,45
"ATLANTA HARTSFIELD INTERNATIONAL AIRPORT GA US",2014-11-15,50
"ATLANTA HARTSFIELD INTERNATIONAL AIRPORT GA US",2014-11-16,50
"ATLANTA HARTSFIELD INTERNATIONAL AIRPORT GA US",2014-11-17,60
"ATLANTA HARTSFIELD INTERNATIONAL AIRPORT GA US",2014-11-18,37
"ATLANTA HARTSFIELD INTERNATIONAL AIRPORT GA US",2014-11-19,50
"ATLANTA HARTSFIELD INTERNATIONAL AIRPORT GA US",2014-11-20,63
"ATLANTA HARTSFIELD INTERNATIONAL AIRPORT GA US",2014-11-21,65
"ATLANTA HARTSFIELD INTERNATIONAL AIRPORT GA US",2014-11-22,62
"ATLANTA HARTSFIELD INTERNATIONAL AIRPORT GA US",2014-11-23,62
"ATLANTA HARTSFIELD INTERNATIONAL AIRPORT GA US",2014-11-24,76
"ATLANTA HARTSFIELD INTERNATIONAL AIRPORT GA US",2014-11-25,62
"ATLANTA HARTSFIELD INTERNATIONAL AIRPORT GA US",2014-11-26,57
"ATLANTA HARTSFIELD INTERNATIONAL AIRPORT GA US",2014-11-27,49
"ATLANTA HARTSFIELD INTERNATIONAL AIRPORT GA US",2014-11-28,51
"ATLANTA HARTSFIELD INTERNATIONAL AIRPORT GA US",2014-11-29,61
"ATLANTA HARTSFIELD INTERNATIONAL AIRPORT GA US",2014-11-30,69
"ATLANTA HARTSFIELD INTERNATIONAL AIRPORT GA US",2014-12-01,74
"ATLANTA HARTSFIELD INTERNATIONAL AIRPORT GA US",2014-12-02,73
"ATLANTA HARTSFIELD INTERNATIONAL AIRPORT GA US",2014-12-03,70
"ATLANTA HARTSFIELD INTERNATIONAL AIRPORT GA US",2014-12-04,72
"ATLANTA HARTSFIELD INTERNATIONAL AIRPORT GA US",2014-12-05,61
"ATLANTA HARTSFIELD INTERNATIONAL AIRPORT GA US",2014-12-06,67
"ATLANTA HARTSFIELD INTERNATIONAL AIRPORT GA US",2014-12-07,62
"ATLANTA HARTSFIELD INTERNATIONAL AIRPORT GA US",2014-12-08,47
"ATLANTA HARTSFIELD INTERNATIONAL AIRPORT GA US",2014-12-09,55
"ATLANTA HARTSFIELD INTERNATIONAL AIRPORT GA US",2014-12-10,50
"ATLANTA HARTSFIELD INTERNATIONAL AIRPORT GA US",2014-12-11,52
"ATLANTA HARTSFIELD INTERNATIONAL AIRPORT GA US",2014-12-12,61
"ATLANTA HARTSFIELD INTERNATIONAL AIRPORT GA US",2014-12-13,63
"ATLANTA HARTSFIELD INTERNATIONAL AIRPORT GA US",2014-12-14,57
"ATLANTA HARTSFIELD INTERNATIONAL AIRPORT GA US",2014-12-15,66
"ATLANTA HARTSFIELD INTERNATIONAL AIRPORT GA US",2014-12-16,61
"ATLANTA HARTSFIELD INTERNATIONAL AIRPORT GA US",2014-12-17,50
"ATLANTA HARTSFIELD INTERNATIONAL AIRPORT GA US",2014-12-18,55
"ATLANTA HARTSFIELD INTERNATIONAL AIRPORT GA US",2014-12-19,55
"ATLANTA HARTSFIELD INTERNATIONAL AIRPORT GA US",2014-12-20,52
"ATLANTA HARTSFIELD INTERNATIONAL AIRPORT GA US",2014-12-21,50
"ATLANTA HARTSFIELD INTERNATIONAL AIRPORT GA US",2014-12-22,48
"ATLANTA HARTSFIELD INTERNATIONAL AIRPORT GA US",2014-12-23,56
"ATLANTA HARTSFIELD INTERNATIONAL AIRPORT GA US",2014-12-24,62
"ATLANTA HARTSFIELD INTERNATIONAL AIRPORT GA US",2014-12-25,52
"ATLANTA HARTSFIELD INTERNATIONAL AIRPORT GA US",2014-12-26,59
"ATLANTA HARTSFIELD INTERNATIONAL AIRPORT GA US",2014-12-27,61
"ATLANTA HARTSFIELD INTERNATIONAL AIRPORT GA US",2014-12-28,61
"ATLANTA HARTSFIELD INTERNATIONAL AIRPORT GA US",2014-12-29,62
"ATLANTA HARTSFIELD INTERNATIONAL AIRPORT GA US",2014-12-30,54
"ATLANTA HARTSFIELD INTERNATIONAL AIRPORT GA US",2014-12-31,51
"ATLANTA HARTSFIELD INTERNATIONAL AIRPORT GA US",2015-01-01,58
"ATLANTA HARTSFIELD INTERNATIONAL AIRPORT GA US",2015-01-02,49
"ATLANTA HARTSFIELD INTERNATIONAL AIRPORT GA US",2015-01-03,62
"ATLANTA HARTSFIELD INTERNATIONAL AIRPORT GA US",2015-01-04,66
"ATLANTA HARTSFIELD INTERNATIONAL AIRPORT GA US",2015-01-05,48
"ATLANTA HARTSFIELD INTERNATIONAL AIRPORT GA US",2015-01-06,54
"ATLANTA HARTSFIELD INTERNATIONAL AIRPORT GA US",2015-01-07,41
"ATLANTA HARTSFIELD INTERNATIONAL AIRPORT GA US",2015-01-08,33
"ATLANTA HARTSFIELD INTERNATIONAL AIRPORT GA US",2015-01-09,41
"ATLANTA HARTSFIELD INTERNATIONAL AIRPORT GA US",2015-01-10,47
"ATLANTA HARTSFIELD INTERNATIONAL AIRPORT GA US",2015-01-11,45
"ATLANTA HARTSFIELD INTERNATIONAL AIRPORT GA US",2015-01-12,48
"ATLANTA HARTSFIELD INTERNATIONAL AIRPORT GA US",2015-01-13,49
"ATLANTA HARTSFIELD INTERNATIONAL AIRPORT GA US",2015-01-14,44
"ATLANTA HARTSFIELD INTERNATIONAL AIRPORT GA US",2015-01-15,39
"ATLANTA HARTSFIELD INTERNATIONAL AIRPORT GA US",2015-01-16,53
"ATLANTA HARTSFIELD INTERNATIONAL AIRPORT GA US",2015-01-17,60
"ATLANTA HARTSFIELD INTERNATIONAL AIRPORT GA US",2015-01-18,60
"ATLANTA HARTSFIELD INTERNATIONAL AIRPORT GA US",2015-01-19,66
"ATLANTA HARTSFIELD INTERNATIONAL AIRPORT GA US",2015-01-20,67
"ATLANTA HARTSFIELD INTERNATIONAL AIRPORT GA US",2015-01-21,64
"ATLANTA HARTSFIELD INTERNATIONAL AIRPORT GA US",2015-01-22,56
"ATLANTA HARTSFIELD INTERNATIONAL AIRPORT GA US",2015-01-23,46
"ATLANTA HARTSFIELD INTERNATIONAL AIRPORT GA US",2015-01-24,49
"ATLANTA HARTSFIELD INTERNATIONAL AIRPORT GA US",2015-01-25,60
"ATLANTA HARTSFIELD INTERNATIONAL AIRPORT GA US",2015-01-26,46
"ATLANTA HARTSFIELD INTERNATIONAL AIRPORT GA US",2015-01-27,50
"ATLANTA HARTSFIELD INTERNATIONAL AIRPORT GA US",2015-01-28,55
"ATLANTA HARTSFIELD INTERNATIONAL AIRPORT GA US",2015-01-29,60
"ATLANTA HARTSFIELD INTERNATIONAL AIRPORT GA US",2015-01-30,56
"ATLANTA HARTSFIELD INTERNATIONAL AIRPORT GA US",2015-01-31,56
"ATLANTA HARTSFIELD INTERNATIONAL AIRPORT GA US",2015-02-01,57
"ATLANTA HARTSFIELD INTERNATIONAL AIRPORT GA US",2015-02-02,57
"ATLANTA HARTSFIELD INTERNATIONAL AIRPORT GA US",2015-02-03,51
"ATLANTA HARTSFIELD INTERNATIONAL AIRPORT GA US",2015-02-04,50
"ATLANTA HARTSFIELD INTERNATIONAL AIRPORT GA US",2015-02-05,51
"ATLANTA HARTSFIELD INTERNATIONAL AIRPORT GA US",2015-02-06,53
"ATLANTA HARTSFIELD INTERNATIONAL AIRPORT GA US",2015-02-07,64
"ATLANTA HARTSFIELD INTERNATIONAL AIRPORT GA US",2015-02-08,68
"ATLANTA HARTSFIELD INTERNATIONAL AIRPORT GA US",2015-02-09,64
"ATLANTA HARTSFIELD INTERNATIONAL AIRPORT GA US",2015-02-10,54
"ATLANTA HARTSFIELD INTERNATIONAL AIRPORT GA US",2015-02-11,64
"ATLANTA HARTSFIELD INTERNATIONAL AIRPORT GA US",2015-02-12,50
"ATLANTA HARTSFIELD INTERNATIONAL AIRPORT GA US",2015-02-13,45
"ATLANTA HARTSFIELD INTERNATIONAL AIRPORT GA US",2015-02-14,60
"ATLANTA HARTSFIELD INTERNATIONAL AIRPORT GA US",2015-02-15,48
"ATLANTA HARTSFIELD INTERNATIONAL AIRPORT GA US",2015-02-16,41
"ATLANTA HARTSFIELD INTERNATIONAL AIRPORT GA US",2015-02-17,38
"ATLANTA HARTSFIELD INTERNATIONAL AIRPORT GA US",2015-02-18,39
